    <Preferences use_content_not_value="false">
        <e0 Type="Map">
            <productName Type="String" Value="12\&amp;quot;x18\&amp;quot;"/>
            <pageTypeCode Type="String" Value="1"/>
            <productID Type="Integer" Value="54"/>
            <pageType Type="String" Value="12X18"/>
            <pps Type="Integer" Value="1"/>
            <width Type="Integer" Value="864"/>
            <height Type="Integer" Value="1296"/>
            <landscape Type="Boolean" Value="false"/>
            <template Type="String" Value="P"/>
        </e0>
        <e1 Type="Map">
            <productName Type="String" Value="11\&amp;quot;x17\&amp;quot; - Center fold"/>
            <pageTypeCode Type="String" Value="3"/>
            <productID Type="Integer" Value="53"/>
            <pageType Type="String" Value="USx2"/>
            <pps Type="Integer" Value="2"/>
            <width Type="Integer" Value="792"/>
            <height Type="Integer" Value="612"/>
            <landscape Type="Boolean" Value="false"/>
            <template Type="String" Value="P"/>
        </e1>
        <e2 Type="Map">
            <productName Type="String" Value="8.5\&amp;quot;x11\&amp;quot; Single"/>
            <pageTypeCode Type="String" Value="2"/>
            <productID Type="Integer" Value="56"/>
            <pageType Type="String" Value="US"/>
            <pps Type="Integer" Value="1"/>
            <width Type="Integer" Value="612"/>
            <height Type="Integer" Value="792"/>
            <landscape Type="Boolean" Value="false"/>
            <template Type="String" Value="P"/>
        </e2>
        <e3 Type="Map">
            <productName Type="String" Value="11\&amp;quot;x17\&amp;quot;"/>
            <pageTypeCode Type="String" Value="9"/>
            <productID Type="Integer" Value="57"/>
            <pageType Type="String" Value="TABLOID"/>
            <pps Type="Integer" Value="1"/>
            <width Type="Integer" Value="792"/>
            <height Type="Integer" Value="1224"/>
            <landscape Type="Boolean" Value="false"/>
            <template Type="String" Value="P"/>
        </e3>
        <e4 Type="Map">
            <productName Type="String" Value="Desktop"/>
            <pageTypeCode Type="String" Value="62"/>
            <productID Type="Integer" Value="62"/>
            <pageType Type="String" Value="CD"/>
            <pps Type="Integer" Value="1"/>
            <width Type="Integer" Value="337"/>
            <height Type="Integer" Value="390"/>
            <landscape Type="Boolean" Value="false"/>
            <template Type="String" Value="S"/>
        </e4>
        <e5 Type="Map">
            <productName Type="String" Value="A3 - Center fold"/>
            <pageTypeCode Type="String" Value="255"/>
            <productID Type="Integer" Value="255"/>
            <pageType Type="String" Value="A4x2"/>
            <pps Type="Integer" Value="2"/>
            <width Type="Integer" Value="842"/>
            <height Type="Integer" Value="595"/>
            <landscape Type="Boolean" Value="false"/>
            <template Type="String" Value="P"/>
        </e5>
        <e6 Type="Map">
            <productName Type="String" Value="A3"/>
            <pageTypeCode Type="String" Value="256"/>
            <productID Type="Integer" Value="256"/>
            <pageType Type="String" Value="A3"/>
            <pps Type="Integer" Value="1"/>
            <width Type="Integer" Value="842"/>
            <height Type="Integer" Value="1190"/>
            <landscape Type="Boolean" Value="false"/>
            <template Type="String" Value="P"/>
        </e6>
        <e7 Type="Map">
            <productName Type="String" Value="A4 Single"/>
            <pageTypeCode Type="String" Value="257"/>
            <productID Type="Integer" Value="257"/>
            <pageType Type="String" Value="A4"/>
            <pps Type="Integer" Value="1"/>
            <width Type="Integer" Value="595"/>
            <height Type="Integer" Value="842"/>
            <landscape Type="Boolean" Value="false"/>
            <template Type="String" Value="P"/>
        </e7>
        <e8 Type="Map">
            <productName Type="String" Value="A5 - Center fold"/>
            <pageTypeCode Type="String" Value="1391"/>
            <productID Type="Integer" Value="1391"/>
            <pageType Type="String" Value="A5x2"/>
            <pps Type="Integer" Value="2"/>
            <width Type="Integer" Value="595"/>
            <height Type="Integer" Value="420"/>
            <landscape Type="Boolean" Value="false"/>
            <template Type="String" Value="P"/>
        </e8>
        <e9 Type="Map">
            <productName Type="String" Value="DL (1/3 A4, 210x95mm) (Single Side)"/>
            <pageTypeCode Type="String" Value="1392"/>
            <productID Type="Integer" Value="1392"/>
            <pageType Type="String" Value="DL"/>
            <pps Type="Integer" Value="1"/>
            <width Type="Integer" Value="595"/>
            <height Type="Integer" Value="269"/>
            <landscape Type="Boolean" Value="false"/>
            <template Type="String" Value="L"/>
        </e9>
        <e10 Type="Map">
            <productName Type="String" Value="DL (1/3 A4, 210x95mm) Double Side"/>
            <pageTypeCode Type="String" Value="1409"/>
            <productID Type="Integer" Value="1409"/>
            <pageType Type="String" Value="DLx2"/>
            <pps Type="Integer" Value="2"/>
            <width Type="Integer" Value="595"/>
            <height Type="Integer" Value="269"/>
            <landscape Type="Boolean" Value="false"/>
            <template Type="String" Value="P"/>
        </e10>
        <e11 Type="Map">
            <productName Type="String" Value="Desktop Spiral 140x210mm (Single Side)"/>
            <pageTypeCode Type="String" Value="1422"/>
            <productID Type="Integer" Value="1422"/>
            <pageType Type="String" Value="DL"/>
            <pps Type="Integer" Value="1"/>
            <width Type="Integer" Value="397"/>
            <height Type="Integer" Value="595"/>
            <landscape Type="Boolean" Value="false"/>
            <template Type="String" Value="P"/>
        </e11>
        <e12 Type="Map">
            <productName Type="String" Value="Desktop Spiral 190x150mm (Single Side)"/>
            <pageTypeCode Type="String" Value="1423"/>
            <productID Type="Integer" Value="1423"/>
            <pageType Type="String" Value="DL"/>
            <pps Type="Integer" Value="1"/>
            <width Type="Integer" Value="539"/>
            <height Type="Integer" Value="425"/>
            <landscape Type="Boolean" Value="false"/>
            <template Type="String" Value="P"/>
        </e12>
        <e13 Type="Map">
            <productName Type="String" Value="Desktop Spiral 210x140mm (Single Side)"/>
            <pageTypeCode Type="String" Value="1424"/>
            <productID Type="Integer" Value="1424"/>
            <pageType Type="String" Value="DL"/>
            <pps Type="Integer" Value="1"/>
            <width Type="Integer" Value="595"/>
            <height Type="Integer" Value="397"/>
            <landscape Type="Boolean" Value="false"/>
            <template Type="String" Value="L"/>
        </e13>
        <e14 Type="Map">
            <productName Type="String" Value="Desktop Spiral 210x150mm (Single Side)"/>
            <pageTypeCode Type="String" Value="1425"/>
            <productID Type="Integer" Value="1425"/>
            <pageType Type="String" Value="DL"/>
            <pps Type="Integer" Value="1"/>
            <width Type="Integer" Value="595"/>
            <height Type="Integer" Value="425"/>
            <landscape Type="Boolean" Value="false"/>
            <template Type="String" Value="L"/>
        </e14>
        <e15 Type="Map">
            <productName Type="String" Value="Desktop Spiral 150x140 (Single Side)"/>
            <pageTypeCode Type="String" Value="1428"/>
            <productID Type="Integer" Value="1428"/>
            <pageType Type="String" Value="DL"/>
            <pps Type="Integer" Value="1"/>
            <width Type="Integer" Value="425"/>
            <height Type="Integer" Value="397"/>
            <landscape Type="Boolean" Value="false"/>
            <template Type="String" Value="L"/>
        </e15>
        <e16 Type="Map">
            <productName Type="String" Value="210x210mm Single Side"/>
            <pageTypeCode Type="String" Value="1429"/>
            <productID Type="Integer" Value="1429"/>
            <pageType Type="String" Value="DL"/>
            <pps Type="Integer" Value="1"/>
            <width Type="Integer" Value="595"/>
            <height Type="Integer" Value="595"/>
            <landscape Type="Boolean" Value="false"/>
            <template Type="String" Value="P"/>
        </e16>
        <e17 Type="Map">
            <productName Type="String" Value="Desktop Spiral 210x100mm (Single Side)"/>
            <pageTypeCode Type="String" Value="1430"/>
            <productID Type="Integer" Value="1430"/>
            <pageType Type="String" Value="DL"/>
            <pps Type="Integer" Value="1"/>
            <width Type="Integer" Value="595"/>
            <height Type="Integer" Value="283"/>
            <landscape Type="Boolean" Value="false"/>
            <template Type="String" Value="L"/>
        </e17>
        <e18 Type="Map">
            <productName Type="String" Value="Desktop Spiral 7x5 (Single Side)"/>
            <pageTypeCode Type="String" Value="1451"/>
            <productID Type="Integer" Value="1451"/>
            <pageType Type="String" Value="DL"/>
            <pps Type="Integer" Value="1"/>
            <width Type="Integer" Value="504"/>
            <height Type="Integer" Value="360"/>
            <landscape Type="Boolean" Value="false"/>
            <template Type="String" Value="L"/>
        </e18>
        <e19 Type="Map">
            <productName Type="String" Value="Desktop Spiral 90x140mm (Single Side)"/>
            <pageTypeCode Type="String" Value="1538"/>
            <productID Type="Integer" Value="1538"/>
            <pageType Type="String" Value="DL"/>
            <pps Type="Integer" Value="1"/>
            <width Type="Integer" Value="255"/>
            <height Type="Integer" Value="396"/>
            <landscape Type="Boolean" Value="false"/>
            <template Type="String" Value="P"/>
        </e19>
        <e20 Type="Map">
            <productName Type="String" Value="Desktop Spiral 143x160mm (Single Side)"/>
            <pageTypeCode Type="String" Value="1540"/>
            <productID Type="Integer" Value="1540"/>
            <pageType Type="String" Value="DL"/>
            <pps Type="Integer" Value="1"/>
            <width Type="Integer" Value="405"/>
            <height Type="Integer" Value="453"/>
            <landscape Type="Boolean" Value="false"/>
            <template Type="String" Value="P"/>
        </e20>
        <e21 Type="Map">
            <productName Type="String" Value="215x280mm (Single Side)"/>
            <pageTypeCode Type="String" Value="1602"/>
            <productID Type="Integer" Value="1602"/>
            <pageType Type="String" Value="DL"/>
            <pps Type="Integer" Value="1"/>
            <width Type="Integer" Value="609"/>
            <height Type="Integer" Value="793"/>
            <landscape Type="Boolean" Value="false"/>
            <template Type="String" Value="P"/>
        </e21>
        <e22 Type="Map">
            <productName Type="String" Value="280x215mm (Single Side)"/>
            <pageTypeCode Type="String" Value="1603"/>
            <productID Type="Integer" Value="1603"/>
            <pageType Type="String" Value="DL"/>
            <pps Type="Integer" Value="1"/>
            <width Type="Integer" Value="793"/>
            <height Type="Integer" Value="609"/>
            <landscape Type="Boolean" Value="false"/>
            <template Type="String" Value="L"/>
        </e22>
        <e23 Type="Map">
            <productName Type="String" Value="280x430mm (Single Side)"/>
            <pageTypeCode Type="String" Value="1604"/>
            <productID Type="Integer" Value="1604"/>
            <pageType Type="String" Value="DL"/>
            <pps Type="Integer" Value="1"/>
            <width Type="Integer" Value="793"/>
            <height Type="Integer" Value="1218"/>
            <landscape Type="Boolean" Value="false"/>
            <template Type="String" Value="P"/>
        </e23>
        <e24 Type="Map">
            <productName Type="String" Value="430x280mm (Single Side)"/>
            <pageTypeCode Type="String" Value="1605"/>
            <productID Type="Integer" Value="1605"/>
            <pageType Type="String" Value="DL"/>
            <pps Type="Integer" Value="1"/>
            <width Type="Integer" Value="1218"/>
            <height Type="Integer" Value="793"/>
            <landscape Type="Boolean" Value="false"/>
            <template Type="String" Value="L"/>
        </e24>
        <e25 Type="Map">
            <productName Type="String" Value="210x300mm (Single Side)"/>
            <pageTypeCode Type="String" Value="1606"/>
            <productID Type="Integer" Value="1606"/>
            <pageType Type="String" Value="DL"/>
            <pps Type="Integer" Value="1"/>
            <width Type="Integer" Value="595"/>
            <height Type="Integer" Value="850"/>
            <landscape Type="Boolean" Value="false"/>
            <template Type="String" Value="P"/>
        </e25>
        <e26 Type="Map">
            <productName Type="String" Value="300x210mm (Single Side)"/>
            <pageTypeCode Type="String" Value="1607"/>
            <productID Type="Integer" Value="1607"/>
            <pageType Type="String" Value="DL"/>
            <pps Type="Integer" Value="1"/>
            <width Type="Integer" Value="850"/>
            <height Type="Integer" Value="595"/>
            <landscape Type="Boolean" Value="false"/>
            <template Type="String" Value="L"/>
        </e26>
        <e27 Type="Map">
            <productName Type="String" Value="300x450mm (Single Side)"/>
            <pageTypeCode Type="String" Value="1608"/>
            <productID Type="Integer" Value="1608"/>
            <pageType Type="String" Value="DL"/>
            <pps Type="Integer" Value="1"/>
            <width Type="Integer" Value="850"/>
            <height Type="Integer" Value="1275"/>
            <landscape Type="Boolean" Value="false"/>
            <template Type="String" Value="P"/>
        </e27>
        <e28 Type="Map">
            <productName Type="String" Value="450x300mm (Single Side)"/>
            <pageTypeCode Type="String" Value="1609"/>
            <productID Type="Integer" Value="1609"/>
            <pageType Type="String" Value="DL"/>
            <pps Type="Integer" Value="1"/>
            <width Type="Integer" Value="1275"/>
            <height Type="Integer" Value="850"/>
            <landscape Type="Boolean" Value="false"/>
            <template Type="String" Value="L"/>
        </e28>
        <e29 Type="Map">
            <productName Type="String" Value="280x430mm Center Fold (Double Side)"/>
            <pageTypeCode Type="String" Value="1610"/>
            <productID Type="Integer" Value="1610"/>
            <pageType Type="String" Value="DL"/>
            <pps Type="Integer" Value="2"/>
            <width Type="Integer" Value="793"/>
            <height Type="Integer" Value="1218"/>
            <landscape Type="Boolean" Value="false"/>
            <template Type="String" Value="P"/>
        </e29>
        <e30 Type="Map">
            <productName Type="String" Value="430x280mm Center Fold (Double Side)"/>
            <pageTypeCode Type="String" Value="1611"/>
            <productID Type="Integer" Value="1611"/>
            <pageType Type="String" Value="DL"/>
            <pps Type="Integer" Value="2"/>
            <width Type="Integer" Value="1218"/>
            <height Type="Integer" Value="793"/>
            <landscape Type="Boolean" Value="false"/>
            <template Type="String" Value="P"/>
        </e30>
        <e31 Type="Map">
            <productName Type="String" Value="300x450mm Center Fold (Double Side)"/>
            <pageTypeCode Type="String" Value="1612"/>
            <productID Type="Integer" Value="1612"/>
            <pageType Type="String" Value="DL"/>
            <pps Type="Integer" Value="2"/>
            <width Type="Integer" Value="850"/>
            <height Type="Integer" Value="1275"/>
            <landscape Type="Boolean" Value="false"/>
            <template Type="String" Value="P"/>
        </e31>
        <e32 Type="Map">
            <productName Type="String" Value="450x300mm Center Fold (Double Side)"/>
            <pageTypeCode Type="String" Value="1613"/>
            <productID Type="Integer" Value="1613"/>
            <pageType Type="String" Value="DL"/>
            <pps Type="Integer" Value="2"/>
            <width Type="Integer" Value="1275"/>
            <height Type="Integer" Value="850"/>
            <landscape Type="Boolean" Value="false"/>
            <template Type="String" Value="P"/>
        </e32>
        <e33 Type="Map">
            <productName Type="String" Value="Desktop Spiral 120x180mm Center Fold (Double Side)"/>
            <pageTypeCode Type="String" Value="1614"/>
            <productID Type="Integer" Value="1614"/>
            <pageType Type="String" Value="DL"/>
            <pps Type="Integer" Value="2"/>
            <width Type="Integer" Value="340"/>
            <height Type="Integer" Value="510"/>
            <landscape Type="Boolean" Value="false"/>
            <template Type="String" Value="P"/>
        </e33>
        <e34 Type="Map">
            <productName Type="String" Value="Desktop Spiral 180x120mm Center Fold (Double Side)"/>
            <pageTypeCode Type="String" Value="1615"/>
            <productID Type="Integer" Value="1615"/>
            <pageType Type="String" Value="DL"/>
            <pps Type="Integer" Value="2"/>
            <width Type="Integer" Value="510"/>
            <height Type="Integer" Value="340"/>
            <landscape Type="Boolean" Value="false"/>
            <template Type="String" Value="P"/>
        </e34>
        <e35 Type="Map">
            <productName Type="String" Value="Desktop Spiral 150x150mm Center Fold (Double Side)"/>
            <pageTypeCode Type="String" Value="1616"/>
            <productID Type="Integer" Value="1616"/>
            <pageType Type="String" Value="DL"/>
            <pps Type="Integer" Value="2"/>
            <width Type="Integer" Value="425"/>
            <height Type="Integer" Value="425"/>
            <landscape Type="Boolean" Value="false"/>
            <template Type="String" Value="P"/>
        </e35>
        <e36 Type="Map">
            <productName Type="String" Value="Desktop Spiral 220x150mm Center Fold (Double Side)"/>
            <pageTypeCode Type="String" Value="1617"/>
            <productID Type="Integer" Value="1617"/>
            <pageType Type="String" Value="DL"/>
            <pps Type="Integer" Value="2"/>
            <width Type="Integer" Value="623"/>
            <height Type="Integer" Value="425"/>
            <landscape Type="Boolean" Value="false"/>
            <template Type="String" Value="P"/>
        </e36>
        <e37 Type="Map">
            <productName Type="String" Value="Desktop Spiral 150x220mm Center Fold (Double Side)"/>
            <pageTypeCode Type="String" Value="1618"/>
            <productID Type="Integer" Value="1618"/>
            <pageType Type="String" Value="DL"/>
            <pps Type="Integer" Value="2"/>
            <width Type="Integer" Value="425"/>
            <height Type="Integer" Value="623"/>
            <landscape Type="Boolean" Value="false"/>
            <template Type="String" Value="P"/>
        </e37>
        <e38 Type="Map">
            <productName Type="String" Value="Desktop Spiral 210x140mm Center Fold (Double Side)"/>
            <pageTypeCode Type="String" Value="1619"/>
            <productID Type="Integer" Value="1619"/>
            <pageType Type="String" Value="DL"/>
            <pps Type="Integer" Value="2"/>
            <width Type="Integer" Value="595"/>
            <height Type="Integer" Value="396"/>
            <landscape Type="Boolean" Value="false"/>
            <template Type="String" Value="P"/>
        </e38>
        <e39 Type="Map">
            <productName Type="String" Value="210x210mm Center Fold (Double Side)"/>
            <pageTypeCode Type="String" Value="1620"/>
            <productID Type="Integer" Value="1620"/>
            <pageType Type="String" Value="DL"/>
            <pps Type="Integer" Value="2"/>
            <width Type="Integer" Value="595"/>
            <height Type="Integer" Value="595"/>
            <landscape Type="Boolean" Value="false"/>
            <template Type="String" Value="P"/>
        </e39>
        <e40 Type="Map">
            <productName Type="String" Value="Desktop Spiral 210x100mm Center Fold (Double Side)"/>
            <pageTypeCode Type="String" Value="1621"/>
            <productID Type="Integer" Value="1621"/>
            <pageType Type="String" Value="DL"/>
            <pps Type="Integer" Value="2"/>
            <width Type="Integer" Value="595"/>
            <height Type="Integer" Value="283"/>
            <landscape Type="Boolean" Value="false"/>
            <template Type="String" Value="P"/>
        </e40>
        <e41 Type="Map">
            <productName Type="String" Value="Desktop Spiral 6x10 Single Side"/>
            <pageTypeCode Type="String" Value="1684"/>
            <productID Type="Integer" Value="1684"/>
            <pageType Type="String" Value="DL"/>
            <pps Type="Integer" Value="1"/>
            <width Type="Integer" Value="432"/>
            <height Type="Integer" Value="720"/>
            <landscape Type="Boolean" Value="false"/>
            <template Type="String" Value="P"/>
        </e41>
        <e42 Type="Map">
            <productName Type="String" Value="Desktop Spiral 10x6 Single Side"/>
            <pageTypeCode Type="String" Value="1685"/>
            <productID Type="Integer" Value="1685"/>
            <pageType Type="String" Value="DL"/>
            <pps Type="Integer" Value="1"/>
            <width Type="Integer" Value="720"/>
            <height Type="Integer" Value="432"/>
            <landscape Type="Boolean" Value="false"/>
            <template Type="String" Value="L"/>
        </e42>
        <e43 Type="Map">
            <productName Type="String" Value="8.125x5.875 Center Fold (Double Side)"/>
            <pageTypeCode Type="String" Value="1686"/>
            <productID Type="Integer" Value="1686"/>
            <pageType Type="String" Value="DL"/>
            <pps Type="Integer" Value="2"/>
            <width Type="Integer" Value="585"/>
            <height Type="Integer" Value="423"/>
            <landscape Type="Boolean" Value="false"/>
            <template Type="String" Value="P"/>
        </e43>
        <e44 Type="Map">
            <productName Type="String" Value="Desktop Spiral 6x10 Center Fold (Double Side)"/>
            <pageTypeCode Type="String" Value="1687"/>
            <productID Type="Integer" Value="1687"/>
            <pageType Type="String" Value="DL"/>
            <pps Type="Integer" Value="2"/>
            <width Type="Integer" Value="432"/>
            <height Type="Integer" Value="720"/>
            <landscape Type="Boolean" Value="false"/>
            <template Type="String" Value="P"/>
        </e44>
        <e45 Type="Map">
            <productName Type="String" Value="Desktop Spiral 10x6 Center Fold (Double Side)"/>
            <pageTypeCode Type="String" Value="1688"/>
            <productID Type="Integer" Value="1688"/>
            <pageType Type="String" Value="DL"/>
            <pps Type="Integer" Value="2"/>
            <width Type="Integer" Value="720"/>
            <height Type="Integer" Value="432"/>
            <landscape Type="Boolean" Value="false"/>
            <template Type="String" Value="P"/>
        </e45>
        <e46 Type="Map">
            <productName Type="String" Value="A2 (420x594mm) Center Fold (Double Side)"/>
            <pageTypeCode Type="String" Value="1693"/>
            <productID Type="Integer" Value="1693"/>
            <pageType Type="String" Value="DL"/>
            <pps Type="Integer" Value="2"/>
            <width Type="Integer" Value="1191"/>
            <height Type="Integer" Value="842"/>
            <landscape Type="Boolean" Value="false"/>
            <template Type="String" Value="P"/>
        </e46>
        <e47 Type="Map">
            <productName Type="String" Value="13.5x19 Single Side"/>
            <pageTypeCode Type="String" Value="1729"/>
            <productID Type="Integer" Value="1729"/>
            <pageType Type="String" Value="DL"/>
            <pps Type="Integer" Value="1"/>
            <width Type="Integer" Value="972"/>
            <height Type="Integer" Value="1368"/>
            <landscape Type="Boolean" Value="false"/>
            <template Type="String" Value="P"/>
        </e47>
        <e48 Type="Map">
            <productName Type="String" Value="19x13.5 Single Side"/>
            <pageTypeCode Type="String" Value="1730"/>
            <productID Type="Integer" Value="1730"/>
            <pageType Type="String" Value="DL"/>
            <pps Type="Integer" Value="1"/>
            <width Type="Integer" Value="1368"/>
            <height Type="Integer" Value="972"/>
            <landscape Type="Boolean" Value="false"/>
            <template Type="String" Value="L"/>
        </e48>
        <e49 Type="Map">
            <productName Type="String" Value="280x215mm Center Fold (Double Side)"/>
            <pageTypeCode Type="String" Value="1731"/>
            <productID Type="Integer" Value="1731"/>
            <pageType Type="String" Value="DL"/>
            <pps Type="Integer" Value="2"/>
            <width Type="Integer" Value="793"/>
            <height Type="Integer" Value="609"/>
            <landscape Type="Boolean" Value="false"/>
            <template Type="String" Value="P"/>
        </e49>
        <e50 Type="Map">
            <productName Type="String" Value="210x297mm Top Bound"/>
            <pageTypeCode Type="String" Value="1736"/>
            <productID Type="Integer" Value="1736"/>
            <pageType Type="String" Value="DL"/>
            <pps Type="Integer" Value="1"/>
            <width Type="Integer" Value="595"/>
            <height Type="Integer" Value="841"/>
            <landscape Type="Boolean" Value="false"/>
            <template Type="String" Value="P"/>
        </e50>
        <e51 Type="Map">
            <productName Type="String" Value="12x12 Center Fold (Double Side)"/>
            <pageTypeCode Type="String" Value="1808"/>
            <productID Type="Integer" Value="1808"/>
            <pageType Type="String" Value="DL"/>
            <pps Type="Integer" Value="2"/>
            <width Type="Integer" Value="865"/>
            <height Type="Integer" Value="865"/>
            <landscape Type="Boolean" Value="false"/>
            <template Type="String" Value="P"/>
        </e51>
        <e52 Type="Map">
            <productName Type="String" Value="12x12 Single Side"/>
            <pageTypeCode Type="String" Value="1809"/>
            <productID Type="Integer" Value="1809"/>
            <pageType Type="String" Value="DL"/>
            <pps Type="Integer" Value="1"/>
            <width Type="Integer" Value="865"/>
            <height Type="Integer" Value="865"/>
            <landscape Type="Boolean" Value="false"/>
            <template Type="String" Value="P"/>
        </e52>
        <e53 Type="Map">
            <productName Type="String" Value="11x8.5 Center Fold (Double Side)"/>
            <pageTypeCode Type="String" Value="1810"/>
            <productID Type="Integer" Value="1810"/>
            <pageType Type="String" Value="DL"/>
            <pps Type="Integer" Value="2"/>
            <width Type="Integer" Value="792"/>
            <height Type="Integer" Value="612"/>
            <landscape Type="Boolean" Value="false"/>
            <template Type="String" Value="P"/>
        </e53>
        <e54 Type="Map">
            <productName Type="String" Value="11x8.5 Single Side"/>
            <pageTypeCode Type="String" Value="1811"/>
            <productID Type="Integer" Value="1811"/>
            <pageType Type="String" Value="DL"/>
            <pps Type="Integer" Value="1"/>
            <width Type="Integer" Value="792"/>
            <height Type="Integer" Value="612"/>
            <landscape Type="Boolean" Value="false"/>
            <template Type="String" Value="L"/>
        </e54>
        <e55 Type="Map">
            <productName Type="String" Value="9x6 Center Fold (Double Side)"/>
            <pageTypeCode Type="String" Value="1812"/>
            <productID Type="Integer" Value="1812"/>
            <pageType Type="String" Value="DL"/>
            <pps Type="Integer" Value="2"/>
            <width Type="Integer" Value="648"/>
            <height Type="Integer" Value="432"/>
            <landscape Type="Boolean" Value="false"/>
            <template Type="String" Value="P"/>
        </e55>
        <e56 Type="Map">
            <productName Type="String" Value="9x6 Single Side"/>
            <pageTypeCode Type="String" Value="1813"/>
            <productID Type="Integer" Value="1813"/>
            <pageType Type="String" Value="DL"/>
            <pps Type="Integer" Value="1"/>
            <width Type="Integer" Value="648"/>
            <height Type="Integer" Value="432"/>
            <landscape Type="Boolean" Value="false"/>
            <template Type="String" Value="L"/>
        </e56>
        <e57 Type="Map">
            <productName Type="String" Value="150x200mm Single Side"/>
            <pageTypeCode Type="String" Value="1814"/>
            <productID Type="Integer" Value="1814"/>
            <pageType Type="String" Value="DL"/>
            <pps Type="Integer" Value="1"/>
            <width Type="Integer" Value="425"/>
            <height Type="Integer" Value="566"/>
            <landscape Type="Boolean" Value="false"/>
            <template Type="String" Value="P"/>
        </e57>
        <e58 Type="Map">
            <productName Type="String" Value="200x150mm Single Side"/>
            <pageTypeCode Type="String" Value="1815"/>
            <productID Type="Integer" Value="1815"/>
            <pageType Type="String" Value="DL"/>
            <pps Type="Integer" Value="1"/>
            <width Type="Integer" Value="566"/>
            <height Type="Integer" Value="425"/>
            <landscape Type="Boolean" Value="false"/>
            <template Type="String" Value="L"/>
        </e58>
        <e59 Type="Map">
            <productName Type="String" Value="Desktop Spiral 225x100mm Single Side"/>
            <pageTypeCode Type="String" Value="1978"/>
            <productID Type="Integer" Value="1978"/>
            <pageType Type="String" Value="DL"/>
            <pps Type="Integer" Value="1"/>
            <width Type="Integer" Value="637"/>
            <height Type="Integer" Value="283"/>
            <landscape Type="Boolean" Value="false"/>
            <template Type="String" Value="L"/>
        </e59>
        <e60 Type="Map">
            <productName Type="String" Value="19x12.5 Center Fold (Double Side)"/>
            <pageTypeCode Type="String" Value="1990"/>
            <productID Type="Integer" Value="1990"/>
            <pageType Type="String" Value="DL"/>
            <pps Type="Integer" Value="2"/>
            <width Type="Integer" Value="1368"/>
            <height Type="Integer" Value="900"/>
            <landscape Type="Boolean" Value="false"/>
            <template Type="String" Value="P"/>
        </e60>
        <e61 Type="Map">
            <productName Type="String" Value="12.5x19 Single Side"/>
            <pageTypeCode Type="String" Value="1991"/>
            <productID Type="Integer" Value="1991"/>
            <pageType Type="String" Value="DL"/>
            <pps Type="Integer" Value="1"/>
            <width Type="Integer" Value="900"/>
            <height Type="Integer" Value="1368"/>
            <landscape Type="Boolean" Value="false"/>
            <template Type="String" Value="P"/>
        </e61>
        <e62 Type="Map">
            <productName Type="String" Value="203.2x304.8mm Single Side"/>
            <pageTypeCode Type="String" Value="2192"/>
            <productID Type="Integer" Value="2192"/>
            <pageType Type="String" Value="DL"/>
            <pps Type="Integer" Value="1"/>
            <width Type="Integer" Value="576"/>
            <height Type="Integer" Value="864"/>
            <landscape Type="Boolean" Value="false"/>
            <template Type="String" Value="P"/>
        </e62>
        <e63 Type="Map">
            <productName Type="String" Value="254x203.2mm Center Fold (Double Side)"/>
            <pageTypeCode Type="String" Value="2193"/>
            <productID Type="Integer" Value="2193"/>
            <pageType Type="String" Value="DL"/>
            <pps Type="Integer" Value="2"/>
            <width Type="Integer" Value="720"/>
            <height Type="Integer" Value="576"/>
            <landscape Type="Boolean" Value="false"/>
            <template Type="String" Value="P"/>
        </e63>
        <e64 Type="Map">
            <productName Type="String" Value="304.8x203.2mm Center Fold (Double Side)"/>
            <pageTypeCode Type="String" Value="2194"/>
            <productID Type="Integer" Value="2194"/>
            <pageType Type="String" Value="DL"/>
            <pps Type="Integer" Value="2"/>
            <width Type="Integer" Value="846"/>
            <height Type="Integer" Value="558"/>
            <landscape Type="Boolean" Value="false"/>
            <template Type="String" Value="P"/>
        </e64>
        <e65 Type="Map">
            <productName Type="String" Value="152.4x203.2mm Single Side"/>
            <pageTypeCode Type="String" Value="2195"/>
            <productID Type="Integer" Value="2195"/>
            <pageType Type="String" Value="DL"/>
            <pps Type="Integer" Value="1"/>
            <width Type="Integer" Value="432"/>
            <height Type="Integer" Value="576"/>
            <landscape Type="Boolean" Value="false"/>
            <template Type="String" Value="P"/>
        </e65>
        <e66 Type="Map">
            <productName Type="String" Value="203.2x152.4mm Single Side"/>
            <pageTypeCode Type="String" Value="2196"/>
            <productID Type="Integer" Value="2196"/>
            <pageType Type="String" Value="DL"/>
            <pps Type="Integer" Value="1"/>
            <width Type="Integer" Value="576"/>
            <height Type="Integer" Value="432"/>
            <landscape Type="Boolean" Value="false"/>
            <template Type="String" Value="L"/>
        </e66>
        <e67 Type="Map">
            <productName Type="String" Value="203x254mm Single Side"/>
            <pageTypeCode Type="String" Value="2234"/>
            <productID Type="Integer" Value="2234"/>
            <pageType Type="String" Value="DL"/>
            <pps Type="Integer" Value="1"/>
            <width Type="Integer" Value="575"/>
            <height Type="Integer" Value="720"/>
            <landscape Type="Boolean" Value="false"/>
            <template Type="String" Value="P"/>
        </e67>
        <e68 Type="Map">
            <productName Type="String" Value="8x10 Center Fold (Double Side)"/>
            <pageTypeCode Type="String" Value="2235"/>
            <productID Type="Integer" Value="2235"/>
            <pageType Type="String" Value="DL"/>
            <pps Type="Integer" Value="2"/>
            <width Type="Integer" Value="576"/>
            <height Type="Integer" Value="720"/>
            <landscape Type="Boolean" Value="false"/>
            <template Type="String" Value="P"/>
        </e68>
        <e69 Type="Map">
            <productName Type="String" Value="Desktop Spiral 226x149mm Top Bound Double Side"/>
            <pageTypeCode Type="String" Value="2311"/>
            <productID Type="Integer" Value="2311"/>
            <pageType Type="String" Value="DL"/>
            <pps Type="Integer" Value="1"/>
            <width Type="Integer" Value="641"/>
            <height Type="Integer" Value="422"/>
            <landscape Type="Boolean" Value="false"/>
            <template Type="String" Value="L"/>
        </e69>
        <e70 Type="Map">
            <productName Type="String" Value="420x330mm Top Bound Double Side"/>
            <pageTypeCode Type="String" Value="2312"/>
            <productID Type="Integer" Value="2312"/>
            <pageType Type="String" Value="DL"/>
            <pps Type="Integer" Value="1"/>
            <width Type="Integer" Value="1191"/>
            <height Type="Integer" Value="935"/>
            <landscape Type="Boolean" Value="false"/>
            <template Type="String" Value="L"/>
        </e70>
        <e71 Type="Map">
            <productName Type="String" Value="330x480mm Top Bound Double Side"/>
            <pageTypeCode Type="String" Value="2313"/>
            <productID Type="Integer" Value="2313"/>
            <pageType Type="String" Value="DL"/>
            <pps Type="Integer" Value="1"/>
            <width Type="Integer" Value="935"/>
            <height Type="Integer" Value="1361"/>
            <landscape Type="Boolean" Value="false"/>
            <template Type="String" Value="P"/>
        </e71>
        <e72 Type="Map">
            <productName Type="String" Value="210x330mm Top Bound Double Side"/>
            <pageTypeCode Type="String" Value="2314"/>
            <productID Type="Integer" Value="2314"/>
            <pageType Type="String" Value="DL"/>
            <pps Type="Integer" Value="1"/>
            <width Type="Integer" Value="595"/>
            <height Type="Integer" Value="935"/>
            <landscape Type="Boolean" Value="false"/>
            <template Type="String" Value="P"/>
        </e72>
        <e73 Type="Map">
            <productName Type="String" Value="160x480mm Top Bound Double Side"/>
            <pageTypeCode Type="String" Value="2315"/>
            <productID Type="Integer" Value="2315"/>
            <pageType Type="String" Value="DL"/>
            <pps Type="Integer" Value="1"/>
            <width Type="Integer" Value="453"/>
            <height Type="Integer" Value="1361"/>
            <landscape Type="Boolean" Value="false"/>
            <template Type="String" Value="P"/>
        </e73>
        <e74 Type="Map">
            <productName Type="String" Value="Desktop Spiral 297x110mm Top Bound Double Side"/>
            <pageTypeCode Type="String" Value="2316"/>
            <productID Type="Integer" Value="2316"/>
            <pageType Type="String" Value="DL"/>
            <pps Type="Integer" Value="1"/>
            <width Type="Integer" Value="842"/>
            <height Type="Integer" Value="312"/>
            <landscape Type="Boolean" Value="false"/>
            <template Type="String" Value="L"/>
        </e74>
        <e75 Type="Map">
            <productName Type="String" Value="Desktop Spiral 297x110mm Center Fold (Double Side)"/>
            <pageTypeCode Type="String" Value="2317"/>
            <productID Type="Integer" Value="2317"/>
            <pageType Type="String" Value="DL"/>
            <pps Type="Integer" Value="2"/>
            <width Type="Integer" Value="842"/>
            <height Type="Integer" Value="312"/>
            <landscape Type="Boolean" Value="false"/>
            <template Type="String" Value="P"/>
        </e75>
        <e76 Type="Map">
            <productName Type="String" Value="Desktop CD (Double Side)"/>
            <pageTypeCode Type="String" Value="2345"/>
            <productID Type="Integer" Value="2345"/>
            <pageType Type="String" Value="CD"/>
            <pps Type="Integer" Value="2"/>
            <width Type="Integer" Value="337"/>
            <height Type="Integer" Value="390"/>
            <landscape Type="Boolean" Value="false"/>
            <template Type="String" Value="S"/>
        </e76>
        <e77 Type="Map">
            <productName Type="String" Value="11x6 Single Side"/>
            <pageTypeCode Type="String" Value="2354"/>
            <productID Type="Integer" Value="2354"/>
            <pageType Type="String" Value="DL"/>
            <pps Type="Integer" Value="1"/>
            <width Type="Integer" Value="792"/>
            <height Type="Integer" Value="432"/>
            <landscape Type="Boolean" Value="false"/>
            <template Type="String" Value="L"/>
        </e77>
        <e78 Type="Map">
            <productName Type="String" Value="11x6 Center Fold (Double Side)"/>
            <pageTypeCode Type="String" Value="2357"/>
            <productID Type="Integer" Value="2357"/>
            <pageType Type="String" Value="DL"/>
            <pps Type="Integer" Value="2"/>
            <width Type="Integer" Value="792"/>
            <height Type="Integer" Value="432"/>
            <landscape Type="Boolean" Value="false"/>
            <template Type="String" Value="P"/>
        </e78>
        <e79 Type="Map">
            <productName Type="String" Value="10x8 Center Fold (Double Side)"/>
            <pageTypeCode Type="String" Value="2370"/>
            <productID Type="Integer" Value="2370"/>
            <pageType Type="String" Value="DL"/>
            <pps Type="Integer" Value="2"/>
            <width Type="Integer" Value="720"/>
            <height Type="Integer" Value="576"/>
            <landscape Type="Boolean" Value="false"/>
            <template Type="String" Value="P"/>
        </e79>
        <e80 Type="Map">
            <productName Type="String" Value="300x300mm Single Side"/>
            <pageTypeCode Type="String" Value="2429"/>
            <productID Type="Integer" Value="2429"/>
            <pageType Type="String" Value="DL"/>
            <pps Type="Integer" Value="1"/>
            <width Type="Integer" Value="850"/>
            <height Type="Integer" Value="850"/>
            <landscape Type="Boolean" Value="false"/>
            <template Type="String" Value="S"/>
        </e80>
        <e81 Type="Map">
            <productName Type="String" Value="300x300mm Center Fold (Double Side)"/>
            <pageTypeCode Type="String" Value="2430"/>
            <productID Type="Integer" Value="2430"/>
            <pageType Type="String" Value="DL"/>
            <pps Type="Integer" Value="2"/>
            <width Type="Integer" Value="850"/>
            <height Type="Integer" Value="850"/>
            <landscape Type="Boolean" Value="false"/>
            <template Type="String" Value="P"/>
        </e81>
        <e82 Type="Map">
            <productName Type="String" Value="300x400mm Single Side"/>
            <pageTypeCode Type="String" Value="2431"/>
            <productID Type="Integer" Value="2431"/>
            <pageType Type="String" Value="DL"/>
            <pps Type="Integer" Value="1"/>
            <width Type="Integer" Value="850"/>
            <height Type="Integer" Value="1133"/>
            <landscape Type="Boolean" Value="false"/>
            <template Type="String" Value="P"/>
        </e82>
        <e83 Type="Map">
            <productName Type="String" Value="400x300mm Single Side"/>
            <pageTypeCode Type="String" Value="2432"/>
            <productID Type="Integer" Value="2432"/>
            <pageType Type="String" Value="DL"/>
            <pps Type="Integer" Value="1"/>
            <width Type="Integer" Value="1133"/>
            <height Type="Integer" Value="850"/>
            <landscape Type="Boolean" Value="false"/>
            <template Type="String" Value="L"/>
        </e83>
        <e84 Type="Map">
            <productName Type="String" Value="300x400mm Center Fold (Double Side)"/>
            <pageTypeCode Type="String" Value="2433"/>
            <productID Type="Integer" Value="2433"/>
            <pageType Type="String" Value="DL"/>
            <pps Type="Integer" Value="2"/>
            <width Type="Integer" Value="850"/>
            <height Type="Integer" Value="1133"/>
            <landscape Type="Boolean" Value="false"/>
            <template Type="String" Value="P"/>
        </e84>
        <e85 Type="Map">
            <productName Type="String" Value="400x300mm Center Fold (Double Side)"/>
            <pageTypeCode Type="String" Value="2434"/>
            <productID Type="Integer" Value="2434"/>
            <pageType Type="String" Value="DL"/>
            <pps Type="Integer" Value="2"/>
            <width Type="Integer" Value="1133"/>
            <height Type="Integer" Value="850"/>
            <landscape Type="Boolean" Value="false"/>
            <template Type="String" Value="P"/>
        </e85>
        <e86 Type="Map">
            <productName Type="String" Value="6x9 Single Side"/>
            <pageTypeCode Type="String" Value="2455"/>
            <productID Type="Integer" Value="2455"/>
            <pageType Type="String" Value="DL"/>
            <pps Type="Integer" Value="1"/>
            <width Type="Integer" Value="432"/>
            <height Type="Integer" Value="648"/>
            <landscape Type="Boolean" Value="false"/>
            <template Type="String" Value="P"/>
        </e86>
        <e87 Type="Map">
            <productName Type="String" Value="8x8 Single Side"/>
            <pageTypeCode Type="String" Value="2456"/>
            <productID Type="Integer" Value="2456"/>
            <pageType Type="String" Value="DL"/>
            <pps Type="Integer" Value="1"/>
            <width Type="Integer" Value="576"/>
            <height Type="Integer" Value="576"/>
            <landscape Type="Boolean" Value="false"/>
            <template Type="String" Value="P"/>
        </e87>
        <e88 Type="Map">
            <productName Type="String" Value="8x8 Center Fold (Double Side)"/>
            <pageTypeCode Type="String" Value="2457"/>
            <productID Type="Integer" Value="2457"/>
            <pageType Type="String" Value="DL"/>
            <pps Type="Integer" Value="2"/>
            <width Type="Integer" Value="576"/>
            <height Type="Integer" Value="576"/>
            <landscape Type="Boolean" Value="false"/>
            <template Type="String" Value="P"/>
        </e88>
        <e89 Type="Map">
            <productName Type="String" Value="12x9 Single Side"/>
            <pageTypeCode Type="String" Value="2458"/>
            <productID Type="Integer" Value="2458"/>
            <pageType Type="String" Value="DL"/>
            <pps Type="Integer" Value="1"/>
            <width Type="Integer" Value="865"/>
            <height Type="Integer" Value="648"/>
            <landscape Type="Boolean" Value="false"/>
            <template Type="String" Value="L"/>
        </e89>
        <e90 Type="Map">
            <productName Type="String" Value="12x5.5 Single Side"/>
            <pageTypeCode Type="String" Value="2459"/>
            <productID Type="Integer" Value="2459"/>
            <pageType Type="String" Value="DL"/>
            <pps Type="Integer" Value="1"/>
            <width Type="Integer" Value="865"/>
            <height Type="Integer" Value="396"/>
            <landscape Type="Boolean" Value="false"/>
            <template Type="String" Value="L"/>
        </e90>
        <e91 Type="Map">
            <productName Type="String" Value="8x8 Top Bound Double Side"/>
            <pageTypeCode Type="String" Value="2464"/>
            <productID Type="Integer" Value="2464"/>
            <pageType Type="String" Value="DL"/>
            <pps Type="Integer" Value="1"/>
            <width Type="Integer" Value="576"/>
            <height Type="Integer" Value="576"/>
            <landscape Type="Boolean" Value="false"/>
            <template Type="String" Value="P"/>
        </e91>
        <e92 Type="Map">
            <productName Type="String" Value="Desktop Spiral 150x220mm Single Side"/>
            <pageTypeCode Type="String" Value="2465"/>
            <productID Type="Integer" Value="2465"/>
            <pageType Type="String" Value="DL"/>
            <pps Type="Integer" Value="1"/>
            <width Type="Integer" Value="425"/>
            <height Type="Integer" Value="623"/>
            <landscape Type="Boolean" Value="false"/>
            <template Type="String" Value="P"/>
        </e92>
        <e93 Type="Map">
            <productName Type="String" Value="Desktop Spiral 220x150mm Single Side"/>
            <pageTypeCode Type="String" Value="2466"/>
            <productID Type="Integer" Value="2466"/>
            <pageType Type="String" Value="DL"/>
            <pps Type="Integer" Value="1"/>
            <width Type="Integer" Value="623"/>
            <height Type="Integer" Value="425"/>
            <landscape Type="Boolean" Value="false"/>
            <template Type="String" Value="L"/>
        </e93>
        <e94 Type="Map">
            <productName Type="String" Value="Desktop Spiral 300x105mm Single Side"/>
            <pageTypeCode Type="String" Value="2467"/>
            <productID Type="Integer" Value="2467"/>
            <pageType Type="String" Value="DL"/>
            <pps Type="Integer" Value="1"/>
            <width Type="Integer" Value="850"/>
            <height Type="Integer" Value="297"/>
            <landscape Type="Boolean" Value="false"/>
            <template Type="String" Value="L"/>
        </e94>
        <e95 Type="Map">
            <productName Type="String" Value="Desktop Spiral 105x300mm Single Side"/>
            <pageTypeCode Type="String" Value="2468"/>
            <productID Type="Integer" Value="2468"/>
            <pageType Type="String" Value="DL"/>
            <pps Type="Integer" Value="1"/>
            <width Type="Integer" Value="297"/>
            <height Type="Integer" Value="850"/>
            <landscape Type="Boolean" Value="false"/>
            <template Type="String" Value="P"/>
        </e95>
        <e96 Type="Map">
            <productName Type="String" Value="310x440mm Center Fold (Double Side)"/>
            <pageTypeCode Type="String" Value="2469"/>
            <productID Type="Integer" Value="2469"/>
            <pageType Type="String" Value="DL"/>
            <pps Type="Integer" Value="2"/>
            <width Type="Integer" Value="878"/>
            <height Type="Integer" Value="1247"/>
            <landscape Type="Boolean" Value="false"/>
            <template Type="String" Value="P"/>
        </e96>
        <e97 Type="Map">
            <productName Type="String" Value="440x310mm Center Fold (Double Side)"/>
            <pageTypeCode Type="String" Value="2470"/>
            <productID Type="Integer" Value="2470"/>
            <pageType Type="String" Value="DL"/>
            <pps Type="Integer" Value="2"/>
            <width Type="Integer" Value="1247"/>
            <height Type="Integer" Value="878"/>
            <landscape Type="Boolean" Value="false"/>
            <template Type="String" Value="P"/>
        </e97>
        <e98 Type="Map">
            <productName Type="String" Value="Desktop Spiral 6x4 Single Side"/>
            <pageTypeCode Type="String" Value="2511"/>
            <productID Type="Integer" Value="2511"/>
            <pageType Type="String" Value="DL"/>
            <pps Type="Integer" Value="1"/>
            <width Type="Integer" Value="432"/>
            <height Type="Integer" Value="288"/>
            <landscape Type="Boolean" Value="false"/>
            <template Type="String" Value="L"/>
        </e98>
        <e99 Type="Map">
            <productName Type="String" Value="Desktop Spiral 8x8 Center Fold (Double Side)"/>
            <pageTypeCode Type="String" Value="2514"/>
            <productID Type="Integer" Value="2514"/>
            <pageType Type="String" Value="DL"/>
            <pps Type="Integer" Value="2"/>
            <width Type="Integer" Value="576"/>
            <height Type="Integer" Value="576"/>
            <landscape Type="Boolean" Value="false"/>
            <template Type="String" Value="P"/>
        </e99>
        <e100 Type="Map">
            <productName Type="String" Value="Desktop Spiral 8x4 Center Fold (Double Side)"/>
            <pageTypeCode Type="String" Value="2557"/>
            <productID Type="Integer" Value="2557"/>
            <pageType Type="String" Value="DL"/>
            <pps Type="Integer" Value="2"/>
            <width Type="Integer" Value="576"/>
            <height Type="Integer" Value="288"/>
            <landscape Type="Boolean" Value="false"/>
            <template Type="String" Value="P"/>
        </e100>
        <e101 Type="Map">
            <productName Type="String" Value="Desktop Spiral 8.26x5.8 Center Fold (Double Side)"/>
            <pageTypeCode Type="String" Value="2558"/>
            <productID Type="Integer" Value="2558"/>
            <pageType Type="String" Value="DL"/>
            <pps Type="Integer" Value="2"/>
            <width Type="Integer" Value="594"/>
            <height Type="Integer" Value="417"/>
            <landscape Type="Boolean" Value="false"/>
            <template Type="String" Value="P"/>
        </e101>
        <e102 Type="Map">
            <productName Type="String" Value="Desktop Spiral 8x4 Top Bound Double Side"/>
            <pageTypeCode Type="String" Value="2567"/>
            <productID Type="Integer" Value="2567"/>
            <pageType Type="String" Value="DL"/>
            <pps Type="Integer" Value="1"/>
            <width Type="Integer" Value="576"/>
            <height Type="Integer" Value="288"/>
            <landscape Type="Boolean" Value="false"/>
            <template Type="String" Value="L"/>
        </e102>
        <e103 Type="Map">
            <productName Type="String" Value="Desktop Spiral 8.26x5.8 Top Bound Double Side"/>
            <pageTypeCode Type="String" Value="2568"/>
            <productID Type="Integer" Value="2568"/>
            <pageType Type="String" Value="DL"/>
            <pps Type="Integer" Value="2"/>
            <width Type="Integer" Value="594"/>
            <height Type="Integer" Value="417"/>
            <landscape Type="Boolean" Value="false"/>
            <template Type="String" Value="P"/>
        </e103>
        <e104 Type="Map">
            <productName Type="String" Value="Desktop Spiral 8x8 Top Bound Double Side"/>
            <pageTypeCode Type="String" Value="2569"/>
            <productID Type="Integer" Value="2569"/>
            <pageType Type="String" Value="DL"/>
            <pps Type="Integer" Value="1"/>
            <width Type="Integer" Value="576"/>
            <height Type="Integer" Value="576"/>
            <landscape Type="Boolean" Value="false"/>
            <template Type="String" Value="S"/>
        </e104>
        <e105 Type="Map">
            <productName Type="String" Value="148x210mm Single Side"/>
            <pageTypeCode Type="String" Value="2577"/>
            <productID Type="Integer" Value="2577"/>
            <pageType Type="String" Value="DL"/>
            <pps Type="Integer" Value="1"/>
            <width Type="Integer" Value="419"/>
            <height Type="Integer" Value="595"/>
            <landscape Type="Boolean" Value="false"/>
            <template Type="String" Value="P"/>
        </e105>
        <e106 Type="Map">
            <productName Type="String" Value="12x18 Single Side"/>
            <pageTypeCode Type="String" Value="2620"/>
            <productID Type="Integer" Value="2620"/>
            <pageType Type="String" Value="DL"/>
            <pps Type="Integer" Value="1"/>
            <width Type="Integer" Value="865"/>
            <height Type="Integer" Value="1297"/>
            <landscape Type="Boolean" Value="false"/>
            <template Type="String" Value="P"/>
        </e106>
        <e107 Type="Map">
            <productName Type="String" Value="8x12 Single Side"/>
            <pageTypeCode Type="String" Value="2689"/>
            <productID Type="Integer" Value="2689"/>
            <pageType Type="String" Value="DL"/>
            <pps Type="Integer" Value="1"/>
            <width Type="Integer" Value="576"/>
            <height Type="Integer" Value="865"/>
            <landscape Type="Boolean" Value="false"/>
            <template Type="String" Value="P"/>
        </e107>
        <e108 Type="Map">
            <productName Type="String" Value="Desktop Spiral 8.5x4 (Single Side)"/>
            <pageTypeCode Type="String" Value="2696"/>
            <productID Type="Integer" Value="2696"/>
            <pageType Type="String" Value="DL"/>
            <pps Type="Integer" Value="1"/>
            <width Type="Integer" Value="612"/>
            <height Type="Integer" Value="288"/>
            <landscape Type="Boolean" Value="false"/>
            <template Type="String" Value="L"/>
        </e108>
        <e109 Type="Map">
            <productName Type="String" Value="305x236mm Center Fold (Double Side)"/>
            <pageTypeCode Type="String" Value="2698"/>
            <productID Type="Integer" Value="2698"/>
            <pageType Type="String" Value="DL"/>
            <pps Type="Integer" Value="2"/>
            <width Type="Integer" Value="865"/>
            <height Type="Integer" Value="668"/>
            <landscape Type="Boolean" Value="false"/>
            <template Type="String" Value="P"/>
        </e109>
        <e110 Type="Map">
            <productName Type="String" Value="235x350mm Single Side"/>
            <pageTypeCode Type="String" Value="2712"/>
            <productID Type="Integer" Value="2712"/>
            <pageType Type="String" Value="DL"/>
            <pps Type="Integer" Value="1"/>
            <width Type="Integer" Value="666"/>
            <height Type="Integer" Value="992"/>
            <landscape Type="Boolean" Value="false"/>
            <template Type="String" Value="P"/>
        </e110>
        <e111 Type="Map">
            <productName Type="String" Value="240x360mm Single Side"/>
            <pageTypeCode Type="String" Value="2713"/>
            <productID Type="Integer" Value="2713"/>
            <pageType Type="String" Value="DL"/>
            <pps Type="Integer" Value="1"/>
            <width Type="Integer" Value="680"/>
            <height Type="Integer" Value="1020"/>
            <landscape Type="Boolean" Value="false"/>
            <template Type="String" Value="P"/>
        </e111>
        <e112 Type="Map">
            <productName Type="String" Value="255x380mm Single Side"/>
            <pageTypeCode Type="String" Value="2714"/>
            <productID Type="Integer" Value="2714"/>
            <pageType Type="String" Value="DL"/>
            <pps Type="Integer" Value="1"/>
            <width Type="Integer" Value="722"/>
            <height Type="Integer" Value="1077"/>
            <landscape Type="Boolean" Value="false"/>
            <template Type="String" Value="P"/>
        </e112>
        <e113 Type="Map">
            <productName Type="String" Value="280x400mm Single Side"/>
            <pageTypeCode Type="String" Value="2715"/>
            <productID Type="Integer" Value="2715"/>
            <pageType Type="String" Value="DL"/>
            <pps Type="Integer" Value="1"/>
            <width Type="Integer" Value="793"/>
            <height Type="Integer" Value="1133"/>
            <landscape Type="Boolean" Value="false"/>
            <template Type="String" Value="P"/>
        </e113>
        <e114 Type="Map">
            <productName Type="String" Value="14x11 Center Fold (Double Side)"/>
            <pageTypeCode Type="String" Value="2722"/>
            <productID Type="Integer" Value="2722"/>
            <pageType Type="String" Value="DL"/>
            <pps Type="Integer" Value="2"/>
            <width Type="Integer" Value="1008"/>
            <height Type="Integer" Value="792"/>
            <landscape Type="Boolean" Value="false"/>
            <template Type="String" Value="P"/>
        </e114>
        <e115 Type="Map">
            <productName Type="String" Value="11x8.5 Center Fold (Double Side) stapled"/>
            <pageTypeCode Type="String" Value="2845"/>
            <productID Type="Integer" Value="2845"/>
            <pageType Type="String" Value="DL"/>
            <pps Type="Integer" Value="2"/>
            <width Type="Integer" Value="792"/>
            <height Type="Integer" Value="612"/>
            <landscape Type="Boolean" Value="false"/>
            <template Type="String" Value="P"/>
            <saddlestitch Type="Integer" Value="1"/>
        </e115>
        <e116 Type="Map">
            <productName Type="String" Value="10x8 Center Fold (Double Side) spiral"/>
            <pageTypeCode Type="String" Value="2846"/>
            <productID Type="Integer" Value="2846"/>
            <pageType Type="String" Value="DL"/>
            <pps Type="Integer" Value="2"/>
            <width Type="Integer" Value="720"/>
            <height Type="Integer" Value="576"/>
            <landscape Type="Boolean" Value="false"/>
            <template Type="String" Value="P"/>
        </e116>
        <e117 Type="Map">
            <productName Type="String" Value="10x8 Center Fold (Double Side) stapled"/>
            <pageTypeCode Type="String" Value="2847"/>
            <productID Type="Integer" Value="2847"/>
            <pageType Type="String" Value="DL"/>
            <pps Type="Integer" Value="2"/>
            <width Type="Integer" Value="720"/>
            <height Type="Integer" Value="576"/>
            <landscape Type="Boolean" Value="false"/>
            <template Type="String" Value="P"/>
            <saddlestitch Type="Integer" Value="1"/>
        </e117>
        <e118 Type="Map">
            <productName Type="String" Value="8x8 Center Fold (Double Side) spiral"/>
            <pageTypeCode Type="String" Value="2848"/>
            <productID Type="Integer" Value="2848"/>
            <pageType Type="String" Value="DL"/>
            <pps Type="Integer" Value="2"/>
            <width Type="Integer" Value="576"/>
            <height Type="Integer" Value="576"/>
            <landscape Type="Boolean" Value="false"/>
            <template Type="String" Value="P"/>
        </e118>
        <e119 Type="Map">
            <productName Type="String" Value="8.5x5.75 Center Fold (Double Side) spiral"/>
            <pageTypeCode Type="String" Value="2849"/>
            <productID Type="Integer" Value="2849"/>
            <pageType Type="String" Value="DL"/>
            <pps Type="Integer" Value="2"/>
            <width Type="Integer" Value="612"/>
            <height Type="Integer" Value="414"/>
            <landscape Type="Boolean" Value="false"/>
            <template Type="String" Value="P"/>
        </e119>
        <e120 Type="Map">
            <productName Type="String" Value="8.5x5.75 Center Fold (Double Side) stapled"/>
            <pageTypeCode Type="String" Value="2850"/>
            <productID Type="Integer" Value="2850"/>
            <pageType Type="String" Value="DL"/>
            <pps Type="Integer" Value="2"/>
            <width Type="Integer" Value="612"/>
            <height Type="Integer" Value="414"/>
            <landscape Type="Boolean" Value="false"/>
            <template Type="String" Value="P"/>
            <saddlestitch Type="Integer" Value="1"/>
        </e120>
        <e121 Type="Map">
            <productName Type="String" Value="8x8 Center Fold (Double Side) stapled"/>
            <pageTypeCode Type="String" Value="2851"/>
            <productID Type="Integer" Value="2851"/>
            <pageType Type="String" Value="DL"/>
            <pps Type="Integer" Value="2"/>
            <width Type="Integer" Value="576"/>
            <height Type="Integer" Value="576"/>
            <landscape Type="Boolean" Value="false"/>
            <template Type="String" Value="P"/>
            <saddlestitch Type="Integer" Value="1"/>
        </e121>
        <e122 Type="Map">
            <productName Type="String" Value="11x8.5 Center Fold (Double Side) spiral"/>
            <pageTypeCode Type="String" Value="2852"/>
            <productID Type="Integer" Value="2852"/>
            <pageType Type="String" Value="DL"/>
            <pps Type="Integer" Value="2"/>
            <width Type="Integer" Value="792"/>
            <height Type="Integer" Value="612"/>
            <landscape Type="Boolean" Value="false"/>
            <template Type="String" Value="P"/>
        </e122>
        <e123 Type="Map">
            <productName Type="String" Value="210x297mm Center Fold (Double Side)"/>
            <pageTypeCode Type="String" Value="2938"/>
            <productID Type="Integer" Value="2938"/>
            <pageType Type="String" Value="DL"/>
            <pps Type="Integer" Value="2"/>
            <width Type="Integer" Value="595"/>
            <height Type="Integer" Value="841"/>
            <landscape Type="Boolean" Value="false"/>
            <template Type="String" Value="P"/>
        </e123>
        <e124 Type="Map">
            <productName Type="String" Value="297x210mm Single Side"/>
            <pageTypeCode Type="String" Value="2939"/>
            <productID Type="Integer" Value="2939"/>
            <pageType Type="String" Value="DL"/>
            <pps Type="Integer" Value="1"/>
            <width Type="Integer" Value="841"/>
            <height Type="Integer" Value="595"/>
            <landscape Type="Boolean" Value="false"/>
            <template Type="String" Value="L"/>
        </e124>
        <e125 Type="Map">
            <productName Type="String" Value="300x440mm Single Side"/>
            <pageTypeCode Type="String" Value="2940"/>
            <productID Type="Integer" Value="2940"/>
            <pageType Type="String" Value="DL"/>
            <pps Type="Integer" Value="1"/>
            <width Type="Integer" Value="850"/>
            <height Type="Integer" Value="1247"/>
            <landscape Type="Boolean" Value="false"/>
            <template Type="String" Value="P"/>
        </e125>
        <e126 Type="Map">
            <productName Type="String" Value="440x300mm Single Side"/>
            <pageTypeCode Type="String" Value="2941"/>
            <productID Type="Integer" Value="2941"/>
            <pageType Type="String" Value="DL"/>
            <pps Type="Integer" Value="1"/>
            <width Type="Integer" Value="1247"/>
            <height Type="Integer" Value="850"/>
            <landscape Type="Boolean" Value="false"/>
            <template Type="String" Value="L"/>
        </e126>
        <e127 Type="Map">
            <productName Type="String" Value="594x420mm Single Side"/>
            <pageTypeCode Type="String" Value="2942"/>
            <productID Type="Integer" Value="2942"/>
            <pageType Type="String" Value="DL"/>
            <pps Type="Integer" Value="1"/>
            <width Type="Integer" Value="1683"/>
            <height Type="Integer" Value="1190"/>
            <landscape Type="Boolean" Value="false"/>
            <template Type="String" Value="L"/>
        </e127>
        <e128 Type="Map">
            <productName Type="String" Value="420x594mm Single Side"/>
            <pageTypeCode Type="String" Value="2943"/>
            <productID Type="Integer" Value="2943"/>
            <pageType Type="String" Value="DL"/>
            <pps Type="Integer" Value="1"/>
            <width Type="Integer" Value="1190"/>
            <height Type="Integer" Value="1683"/>
            <landscape Type="Boolean" Value="false"/>
            <template Type="String" Value="P"/>
        </e128>
        <e129 Type="Map">
            <productName Type="String" Value="210x420mm Single Side"/>
            <pageTypeCode Type="String" Value="2944"/>
            <productID Type="Integer" Value="2944"/>
            <pageType Type="String" Value="DL"/>
            <pps Type="Integer" Value="1"/>
            <width Type="Integer" Value="595"/>
            <height Type="Integer" Value="1190"/>
            <landscape Type="Boolean" Value="false"/>
            <template Type="String" Value="P"/>
        </e129>
        <e130 Type="Map">
            <productName Type="String" Value="420x210mm Single Side"/>
            <pageTypeCode Type="String" Value="2945"/>
            <productID Type="Integer" Value="2945"/>
            <pageType Type="String" Value="DL"/>
            <pps Type="Integer" Value="1"/>
            <width Type="Integer" Value="1190"/>
            <height Type="Integer" Value="595"/>
            <landscape Type="Boolean" Value="false"/>
            <template Type="String" Value="L"/>
        </e130>
        <e131 Type="Map">
            <productName Type="String" Value="8x10 Top Bound (Double Side)"/>
            <pageTypeCode Type="String" Value="3061"/>
            <productID Type="Integer" Value="3061"/>
            <pageType Type="String" Value="DL"/>
            <pps Type="Integer" Value="1"/>
            <width Type="Integer" Value="576"/>
            <height Type="Integer" Value="720"/>
            <landscape Type="Boolean" Value="false"/>
            <template Type="String" Value="P"/>
        </e131>
        <e132 Type="Map">
            <productName Type="String" Value="8x10 Single Side"/>
            <pageTypeCode Type="String" Value="3062"/>
            <productID Type="Integer" Value="3062"/>
            <pageType Type="String" Value="DL"/>
            <pps Type="Integer" Value="1"/>
            <width Type="Integer" Value="576"/>
            <height Type="Integer" Value="720"/>
            <landscape Type="Boolean" Value="false"/>
            <template Type="String" Value="P"/>
        </e132>
        <e133 Type="Map">
            <productName Type="String" Value="150x210mm Single Side"/>
            <pageTypeCode Type="String" Value="3112"/>
            <productID Type="Integer" Value="3112"/>
            <pageType Type="String" Value="DL"/>
            <pps Type="Integer" Value="1"/>
            <width Type="Integer" Value="425"/>
            <height Type="Integer" Value="595"/>
            <landscape Type="Boolean" Value="false"/>
            <template Type="String" Value="P"/>
        </e133>
        <e134 Type="Map">
            <productName Type="String" Value="210x150mm Single Side"/>
            <pageTypeCode Type="String" Value="3113"/>
            <productID Type="Integer" Value="3113"/>
            <pageType Type="String" Value="DL"/>
            <pps Type="Integer" Value="1"/>
            <width Type="Integer" Value="595"/>
            <height Type="Integer" Value="425"/>
            <landscape Type="Boolean" Value="false"/>
            <template Type="String" Value="L"/>
        </e134>
        <e135 Type="Map">
            <productName Type="String" Value="250x300mm Single Side"/>
            <pageTypeCode Type="String" Value="3114"/>
            <productID Type="Integer" Value="3114"/>
            <pageType Type="String" Value="DL"/>
            <pps Type="Integer" Value="1"/>
            <width Type="Integer" Value="708"/>
            <height Type="Integer" Value="850"/>
            <landscape Type="Boolean" Value="false"/>
            <template Type="String" Value="P"/>
        </e135>
        <e136 Type="Map">
            <productName Type="String" Value="Desktop Spiral 150x100mm Single Side"/>
            <pageTypeCode Type="String" Value="3115"/>
            <productID Type="Integer" Value="3115"/>
            <pageType Type="String" Value="DL"/>
            <pps Type="Integer" Value="1"/>
            <width Type="Integer" Value="425"/>
            <height Type="Integer" Value="283"/>
            <landscape Type="Boolean" Value="false"/>
            <template Type="String" Value="L"/>
        </e136>
        <e137 Type="Map">
            <productName Type="String" Value="Desktop Spiral 100x150mm Single Side"/>
            <pageTypeCode Type="String" Value="3116"/>
            <productID Type="Integer" Value="3116"/>
            <pageType Type="String" Value="DL"/>
            <pps Type="Integer" Value="1"/>
            <width Type="Integer" Value="283"/>
            <height Type="Integer" Value="425"/>
            <landscape Type="Boolean" Value="false"/>
            <template Type="String" Value="P"/>
        </e137>
        <e138 Type="Map">
            <productName Type="String" Value="11x8 Center Fold (Double Side)"/>
            <pageTypeCode Type="String" Value="3177"/>
            <productID Type="Integer" Value="3177"/>
            <pageType Type="String" Value="DL"/>
            <pps Type="Integer" Value="2"/>
            <width Type="Integer" Value="792"/>
            <height Type="Integer" Value="576"/>
            <landscape Type="Boolean" Value="false"/>
            <template Type="String" Value="P"/>
            <saddlestitch Type="Integer" Value="1"/>
        </e138>
        <e139 Type="Map">
            <productName Type="String" Value="Desktop Spiral 149x226mm Single Side"/>
            <pageTypeCode Type="String" Value="3178"/>
            <productID Type="Integer" Value="3178"/>
            <pageType Type="String" Value="DL"/>
            <pps Type="Integer" Value="1"/>
            <width Type="Integer" Value="422"/>
            <height Type="Integer" Value="640"/>
            <landscape Type="Boolean" Value="false"/>
            <template Type="String" Value="P"/>
        </e139>
        <e140 Type="Map">
            <productName Type="String" Value="Desktop Spiral 226x149mm Single Side"/>
            <pageTypeCode Type="String" Value="3179"/>
            <productID Type="Integer" Value="3179"/>
            <pageType Type="String" Value="DL"/>
            <pps Type="Integer" Value="1"/>
            <width Type="Integer" Value="640"/>
            <height Type="Integer" Value="422"/>
            <landscape Type="Boolean" Value="false"/>
            <template Type="String" Value="L"/>
        </e140>
    </Preferences>
