<Preferences use_content_not_value="false">
	<Policy Type="Vector" Size="20">
		<e0 Type="ContentDef">
			<type Type="String" Value="layouts_dir"/>
			<file Type="String" Value="layouts"/>
		</e0>
		<e1 Type="ContentDef">
			<type Type="String" Value="layouts_file"/>
			<file Type="String" Value="layouts/layouts.xml"/>
		</e1>
		<e2 Type="ContentDef">
			<type Type="String" Value="layouts_gen_file"/>
			<file Type="String" Value="layouts/generatedLayouts.xml"/>
		</e2>
		<e3 Type="ContentDef">
			<type Type="String" Value="layouts_templates_dir"/>
			<file Type="String" Value="layouts/templates"/>
		</e3>
		<e4 Type="ContentDef">
			<type Type="String" Value="layouts_elements_dir"/>
			<file Type="String" Value="layouts/templates/elements"/>
		</e4>
		<e5 Type="ContentDef">
			<type Type="String" Value="templates_dir"/>
			<file Type="String" Value="templates"/>
		</e5>
		<e6 Type="ContentDef">
			<type Type="String" Value="templates_file"/>
			<file Type="String" Value="templates/templates.toc"/>
		</e6>
		<e7 Type="ContentDef">
			<type Type="String" Value="templates_elements_dir"/>
			<file Type="String" Value="templates/elements"/>
		</e7>
		<e8 Type="ContentDef">
			<type Type="String" Value="themes_dir"/>
			<file Type="String" Value="themes"/>
		</e8>
		<e9 Type="ContentDef">
			<type Type="String" Value="themes_file"/>
			<file Type="String" Value="themes/themes.xml"/>
		</e9>
		<e10 Type="ContentDef">
			<type Type="String" Value="backgrounds_dir"/>
			<file Type="String" Value="backgrounds"/>
		</e10>
		<e11 Type="ContentDef">
			<type Type="String" Value="backgrounds_thumbnail_dir"/>
			<file Type="String" Value="backgrounds/thumbnails"/>
		</e11>
		<e12 Type="ContentDef">
			<type Type="String" Value="borders_dir"/>
			<file Type="String" Value="borders"/>
		</e12>
		<e13 Type="ContentDef">
			<type Type="String" Value="borders_file"/>
			<file Type="String" Value="borders/borders.xml"/>
		</e13>
		<e14 Type="ContentDef">
			<type Type="String" Value="product_families_file"/>
			<file Type="String" Value="booktypes/families.xml"/>
		</e14>
		<e15 Type="ContentDef">
			<type Type="String" Value="booktypes_dir"/>
			<file Type="String" Value="booktypes"/>
		</e15>
		<e16 Type="ContentDef">
			<type Type="String" Value="booktypes_file"/>
			<file Type="String" Value="booktypes/booktypes.xml"/>
		</e16>
		<e17 Type="ContentDef">
			<type Type="String" Value="textures_thumbnail_dir"/>
			<file Type="String" Value="textures/thumbnails"/>
		</e17>
		<e18 Type="ContentDef">
			<type Type="String" Value="clipart_dir"/>
			<file Type="String" Value="clipart"/>
		</e18>
		<e19 Type="ContentDef">
			<type Type="String" Value="layouts_file_2"/>
			<file Type="String" Value="layouts/layouts2.xml"/>
		</e19>
	</Policy>
</Preferences>