<?xml version="1.0" encoding="UTF-8" ?>
<!DOCTYPE log4j:configuration SYSTEM "log4j.dtd">

<log4j:configuration debug="false">

	<!--
	<appender name="FILE" class="org.apache.log4j.RollingFileAppender">
   	<param name="File"   value="t_e_m_p.log" />
   	<param name="maxFileSize" value="100KB" />	    	
   	<param name="maxBackupIndex" value="2" />
   	<param name="threshold" value="info" />
   	<layout class="org.apache.log4j.PatternLayout">
			<param name="ConversionPattern" value="%d{MMM dd yyyy HH:mm:ss} [%-5p] - %m%n"/>
    </layout>	    
	</appender>
	-->

	<appender name="FILE" class="com.digilabs.framework.utils.EachLaunchFileAppender">
   	<param name="File"   value="temp.log" />
	<!--
   	<param name="maxLogArchives" value="20" />
	-->
   	<param name="threshold" value="info" />
   	<layout class="org.apache.log4j.PatternLayout">
			<param name="ConversionPattern" value="%d{MMM dd yyyy HH:mm:ss} [%-5p] - %m%n"/>
    </layout>	    
	</appender>

	
	<appender name="DEBUGFILE" class="org.apache.log4j.RollingFileAppender">
   	<param name="File"   value="debug.log" />
   	<param name="maxFileSize" value="100KB" />	    	
   	<param name="maxBackupIndex" value="2" />
   	<layout class="org.apache.log4j.PatternLayout">
			<param name="ConversionPattern" value="%d{MMM dd yyyy HH:mm:ss} [%-5p] [%t] (%F:%L) - %m%n"/>
    </layout>
    <filter class="org.apache.log4j.varia.LevelRangeFilter">	    
    	<param name="LevelMin" value="debug" />
    	<param name="LevelMax" value="debug" />
    </filter>
	</appender>

	
	<appender name="STDOUT" class="org.apache.log4j.ConsoleAppender">
		<layout class="org.apache.log4j.PatternLayout">
      <param name="ConversionPattern" value="[%-5p] [%t] (%F:%L) - %m%n"/>
		</layout>		
	</appender>

	<logger name="Digilabs">
   	<appender-ref ref="FILE" />	
   	<appender-ref ref="DEBUGFILE" />
	</logger>



  	<logger name="com.jniwrapper">
   		 <!-- Print only messages of level warn or above in the package com.jniwrapper -->
    		<level value="ERROR"/> 
		<appender-ref ref="DEBUGFILE" />
  	</logger>

  	<logger name="com.teamdev.jxbrowser">
   		 <!-- Print only messages of level warn or above in the package com.jniwrapper -->
    		<level value="ERROR"/> 
		<appender-ref ref="DEBUGFILE" />
  	</logger>

  	<logger name="com.google.code.facebookapi">
   		 <!-- Print only messages of level warn or above in the package com.google.code.facebookapi -->
    		<level value="ERROR"/> 
		<appender-ref ref="DEBUGFILE" />
  	</logger>

 	<logger name="org.apache.http">
  	 <level value="ERROR"/> 
     <appender-ref ref="DEBUGFILE" />
 </logger>


	<root>
	  <priority value ="debug" />
	  <appender-ref ref="STDOUT" />
	</root>
	
</log4j:configuration>
