<Preferences use_content_not_value="false">
 <!-- Red Palette Sample --> 
 <!-- Change palette to fit your need -->
 <!-- Make sure to delete the _ file name prefix -->
<UICOLORS Type="Map"> 
	<Light Type="String" Value="F7CDD0"/> 
	<Mid Type="String" Value="DD767E"/> 
	<Dark Type="String" Value="C1272D"/> 
	<TitleTop Type="String" Value="DD767E"/> 
	<TitleBottom Type="String" Value="8E171B"/> 
	<ProductBarMouseOver Type="String" Value="8E171B"/> 
	<ProductBarTop Type="String" Value="8E171B"/> 
	<ProductBarBottom Type="String" Value="DD767E"/> 
	<ProjectBarLeft Type="String" Value="8E171B"/> 
	<ProjectBarMid Type="String" Value="C1272D"/> 
	<ProjectBarRight Type="String" Value="DD767E"/> 
	<ProjectListAreaLeft Type="String" Value="F7CDD0"/> 
	<ProjectListAreaRight Type="String" Value="C1272D"/> 
</UICOLORS>
</Preferences>