<Preferences use_content_not_value="false">
	<web Type="Map">
		<e0 Type="Map">
			<name Type="String" Value="Close"/>
			<url Type="String" Value="_close"/>
			<icon Type="String" Value="deleteProject.png"/>
			<disicon Type="String" Value="deleteDisabled.png"/>
			<moicon Type="String" Value="deleteMO.png"/>
			<color Type="Color" red="255" green="255" blue="255" /> 
		</e0>
		<e1 Type="Map">
			<name Type="String" Value="Back"/>
			<url Type="String" Value="_back"/>
			<icon Type="String" Value="back.png"/>
			<disicon Type="String" Value="back.png"/>
			<moicon Type="String" Value="backMO.png"/>
			<color Type="Color" red="255" green="255" blue="255" /> 
		</e1>
		<e2 Type="Map">
			<name Type="String" Value="Refresh"/>
			<url Type="String" Value="_refresh"/>
			<icon Type="String" Value="refresh.png"/>
			<disicon Type="String" Value="refresh.png"/>
			<moicon Type="String" Value="refreshMO.png"/>
			<color Type="Color" red="255" green="255" blue="255" /> 
		</e2>
		<e3 Type="Map">
			<name Type="String" Value="Print"/>
			<url Type="String" Value="_print"/>
			<icon Type="String" Value="print.png"/>
			<disicon Type="String" Value="print.png"/>
			<moicon Type="String" Value="printMO.png"/>
			<color Type="Color" red="255" green="255" blue="255" /> 
		</e3>
	</web>
</Preferences>