<Preferences use_content_not_value="false">
<card0 Type="Map">
<cardtype Type="String" Value="portrait"/>
<fileName Type="String" Value="basketball_blue.png"/>
<thumbname Type="String" Value="basketball_blue.jpg"/>
</card0>
<card1 Type="Map">
<cardtype Type="String" Value="portrait"/>
<fileName Type="String" Value="basketball_green.png"/>
<thumbname Type="String" Value="basketball_green.jpg"/>
</card1>
<card2 Type="Map">
<cardtype Type="String" Value="portrait"/>
<fileName Type="String" Value="basketball_red.png"/>
<thumbname Type="String" Value="basketball_red.jpg"/>
</card2>
<category Type="String" Value="Basketball"/>
</Preferences>
