    <Preferences use_content_not_value="false">
        <BookTypes Type="Map">
            <e0 Type="BookType">
                <orientation Type="Integer" Value="3"/>
                <coverType Type="Integer" Value="0"/>
                <material Type="Integer" Value="0"/>
                <pid Type="Integer" Value="75"/>
                <type Type="Integer" Value="0"/>
                <pdescription Type="String" Value="Square 8.5x8.5 Custom Soft Cover"/>
                <minPages Type="Integer" Value="40"/>
                <maxPages Type="Integer" Value="200"/>
                <numOfPages Type="Integer" Value="40"/>
                <pageIncrement Type="Integer" Value="2"/>
                <includeCoverWithBlock Type="Boolean" Value="false"/>
                <height Type="Float" Value="8.25"/>
                <width Type="Float" Value="8.25"/>
                <units Type="Integer" Value="0"/>
                <spine Type="Spine">
                    <s0 Type="Map">
                        <fromPage Type="Integer" Value="40"/>
                        <toPage Type="Integer" Value="40"/>
                        <spineWidth Type="Float" Value="15.0"/>
                    </s0>
                    <s1 Type="Map">
                        <fromPage Type="Integer" Value="41"/>
                        <toPage Type="Integer" Value="80"/>
                        <spineWidth Type="Float" Value="30.0"/>
                    </s1>
                    <s2 Type="Map">
                        <fromPage Type="Integer" Value="81"/>
                        <toPage Type="Integer" Value="120"/>
                        <spineWidth Type="Float" Value="45.0"/>
                    </s2>
                    <s3 Type="Map">
                        <fromPage Type="Integer" Value="121"/>
                        <toPage Type="Integer" Value="160"/>
                        <spineWidth Type="Float" Value="60.0"/>
                    </s3>
                    <s4 Type="Map">
                        <fromPage Type="Integer" Value="161"/>
                        <toPage Type="Integer" Value="200"/>
                        <spineWidth Type="Float" Value="75.0"/>
                    </s4>
                </spine>
                <nlsSupported Type="Boolean" Value="true"/>
                <shortDescription Type="String" Value="PID_75_Short"/>
                <thumbnailName Type="String" Value="soft_s_tn.jpg"/>
                <displayedWidth Type="Float" Value="8.5"/>
                <displayedHeight Type="Float" Value="8.5"/>
            </e0>
            <e1 Type="BookType">
                <orientation Type="Integer" Value="3"/>
                <pid Type="Integer" Value="287"/>
                <type Type="Integer" Value="1"/>
                <pdescription Type="String" Value="Square 12x12 Keyhole Hard Cover"/>
                <minPages Type="Integer" Value="40"/>
                <maxPages Type="Integer" Value="300"/>
                <numOfPages Type="Integer" Value="40"/>
                <pageIncrement Type="Integer" Value="2"/>
                <includeCoverWithBlock Type="Boolean" Value="false"/>
                <height Type="Float" Value="10.5"/>
                <width Type="Float" Value="10.5"/>
                <units Type="Integer" Value="0"/>
                <displayOrder Type="Integer" Value="3"/>
                <nlsSupported Type="Boolean" Value="true"/>
                <shortDescription Type="String" Value="PID_287_Short"/>
                <thumbnailName Type="String" Value="keyhole_s_tn.jpg"/>
                <coverType Type="CoverType">
                    <frontCoverTemplateRef Type="String" Value="12x12_s_fc.xml"/>
                    <backCoverTemplateRef Type="String" Value="12x12_s_bc.xml"/>
                    <hasCaption Type="Boolean" Value="false"/>
                    <type Type="Integer" Value="0"/>
                    <material Type="Integer" Value="7"/>
                </coverType>
                <displayedWidth Type="Float" Value="12.0"/>
                <displayedHeight Type="Float" Value="12.0"/>
            </e1>
            <e2 Type="BookType">
                <height Type="Float" Value="11.0"/>
                <width Type="Float" Value="8.5"/>
                <orientation Type="Integer" Value="1"/>
                <coverType Type="Integer" Value="0"/>
                <material Type="Integer" Value="0"/>
                <pid Type="Integer" Value="106"/>
                <type Type="Integer" Value="0"/>
                <pdescription Type="String" Value="Portrait 8.5x11 Custom Soft Cover"/>
                <minPages Type="Integer" Value="40"/>
                <maxPages Type="Integer" Value="200"/>
                <numOfPages Type="Integer" Value="40"/>
                <pageIncrement Type="Integer" Value="2"/>
                <includeCoverWithBlock Type="Boolean" Value="false"/>
                <units Type="Integer" Value="0"/>
                <displayOrder Type="Integer" Value="10"/>
                <spine Type="Spine">
                    <s0 Type="Map">
                        <fromPage Type="Integer" Value="40"/>
                        <toPage Type="Integer" Value="40"/>
                        <spineWidth Type="Float" Value="15.0"/>
                    </s0>
                    <s1 Type="Map">
                        <fromPage Type="Integer" Value="41"/>
                        <toPage Type="Integer" Value="80"/>
                        <spineWidth Type="Float" Value="30.0"/>
                    </s1>
                    <s2 Type="Map">
                        <fromPage Type="Integer" Value="81"/>
                        <toPage Type="Integer" Value="120"/>
                        <spineWidth Type="Float" Value="45.0"/>
                    </s2>
                    <s3 Type="Map">
                        <fromPage Type="Integer" Value="121"/>
                        <toPage Type="Integer" Value="160"/>
                        <spineWidth Type="Float" Value="60.0"/>
                    </s3>
                    <s4 Type="Map">
                        <fromPage Type="Integer" Value="161"/>
                        <toPage Type="Integer" Value="200"/>
                        <spineWidth Type="Float" Value="75.0"/>
                    </s4>
                </spine>
                <nlsSupported Type="Boolean" Value="true"/>
                <shortDescription Type="String" Value="PID_106_Short"/>
                <thumbnailName Type="String" Value="soft_p_tn.jpg"/>
                <sizeCorrection Type="Float" Value="0.25"/>
                <displayedWidth Type="Float" Value="8.25"/>
                <displayedHeight Type="Float" Value="11.25"/>
            </e2>
            <e3 Type="BookType">
                <width Type="Float" Value="8.0"/>
                <orientation Type="Integer" Value="2"/>
                <coverType Type="Integer" Value="0"/>
                <material Type="Integer" Value="0"/>
                <pid Type="Integer" Value="112"/>
                <type Type="Integer" Value="1"/>
                <pdescription Type="String" Value="Landscape 6x8 Custom Soft Cover"/>
                <minPages Type="Integer" Value="40"/>
                <maxPages Type="Integer" Value="200"/>
                <numOfPages Type="Integer" Value="40"/>
                <pageIncrement Type="Integer" Value="2"/>
                <includeCoverWithBlock Type="Boolean" Value="false"/>
                <height Type="Float" Value="5.75"/>
                <units Type="Integer" Value="0"/>
                <spine Type="Spine">
                    <s0 Type="Map">
                        <fromPage Type="Integer" Value="40"/>
                        <toPage Type="Integer" Value="40"/>
                        <spineWidth Type="Float" Value="15.0"/>
                    </s0>
                    <s1 Type="Map">
                        <fromPage Type="Integer" Value="41"/>
                        <toPage Type="Integer" Value="80"/>
                        <spineWidth Type="Float" Value="30.0"/>
                    </s1>
                    <s2 Type="Map">
                        <fromPage Type="Integer" Value="81"/>
                        <toPage Type="Integer" Value="120"/>
                        <spineWidth Type="Float" Value="45.0"/>
                    </s2>
                    <s3 Type="Map">
                        <fromPage Type="Integer" Value="121"/>
                        <toPage Type="Integer" Value="160"/>
                        <spineWidth Type="Float" Value="60.0"/>
                    </s3>
                    <s4 Type="Map">
                        <fromPage Type="Integer" Value="161"/>
                        <toPage Type="Integer" Value="200"/>
                        <spineWidth Type="Float" Value="75.0"/>
                    </s4>
                </spine>
                <nlsSupported Type="Boolean" Value="true"/>
                <shortDescription Type="String" Value="PID_112_Short"/>
                <thumbnailName Type="String" Value="soft_l_tn.jpg"/>
                <displayedWidth Type="Float" Value="8.5"/>
                <displayedHeight Type="Float" Value="6.25"/>
            </e3>
            <e4 Type="BookType">
                <orientation Type="Integer" Value="2"/>
                <coverType Type="Integer" Value="0"/>
                <material Type="Integer" Value="1"/>
                <pid Type="Integer" Value="111"/>
                <type Type="Integer" Value="1"/>
                <pdescription Type="String" Value="Landscape 6x8 Custom Hard Cover "/>
                <minPages Type="Integer" Value="40"/>
                <maxPages Type="Integer" Value="300"/>
                <numOfPages Type="Integer" Value="40"/>
                <pageIncrement Type="Integer" Value="2"/>
                <includeCoverWithBlock Type="Boolean" Value="false"/>
                <height Type="Float" Value="5.5"/>
                <width Type="Float" Value="7.5"/>
                <units Type="Integer" Value="0"/>
                <displayOrder Type="Integer" Value="12"/>
                <spine Type="Spine">
                    <s0 Type="Map">
                        <fromPage Type="Integer" Value="40"/>
                        <toPage Type="Integer" Value="40"/>
                        <spineWidth Type="Float" Value="27.0"/>
                    </s0>
                    <s1 Type="Map">
                        <fromPage Type="Integer" Value="41"/>
                        <toPage Type="Integer" Value="80"/>
                        <spineWidth Type="Float" Value="54.0"/>
                    </s1>
                    <s2 Type="Map">
                        <fromPage Type="Integer" Value="81"/>
                        <toPage Type="Integer" Value="120"/>
                        <spineWidth Type="Float" Value="81.0"/>
                    </s2>
                    <s3 Type="Map">
                        <fromPage Type="Integer" Value="121"/>
                        <toPage Type="Integer" Value="160"/>
                        <spineWidth Type="Float" Value="108.0"/>
                    </s3>
                    <s4 Type="Map">
                        <fromPage Type="Integer" Value="161"/>
                        <toPage Type="Integer" Value="200"/>
                        <spineWidth Type="Float" Value="135.0"/>
                    </s4>
                    <s5 Type="Map">
                        <fromPage Type="Integer" Value="201"/>
                        <toPage Type="Integer" Value="240"/>
                        <spineWidth Type="Float" Value="162.0"/>
                    </s5>
                    <s6 Type="Map">
                        <fromPage Type="Integer" Value="241"/>
                        <toPage Type="Integer" Value="300"/>
                        <spineWidth Type="Float" Value="189.0"/>
                    </s6>
                </spine>
                <nlsSupported Type="Boolean" Value="true"/>
                <shortDescription Type="String" Value="PID_111_Short"/>
                <thumbnailName Type="String" Value="custom_l_tn.jpg"/>
                <displayedWidth Type="Float" Value="8.0"/>
                <displayedHeight Type="Float" Value="6.0"/>
            </e4>
            <e5 Type="BookType">
                <orientation Type="Integer" Value="2"/>
                <coverType Type="Integer" Value="0"/>
                <material Type="Integer" Value="1"/>
                <pid Type="Integer" Value="599"/>
                <type Type="Integer" Value="1"/>
                <pdescription Type="String" Value="Landscape 11x15 Custom Hard Cover"/>
                <minPages Type="Integer" Value="40"/>
                <maxPages Type="Integer" Value="300"/>
                <numOfPages Type="Integer" Value="40"/>
                <pageIncrement Type="Integer" Value="2"/>
                <includeCoverWithBlock Type="Boolean" Value="false"/>
                <height Type="Float" Value="10.5"/>
                <width Type="Float" Value="14.5"/>
                <units Type="Integer" Value="0"/>
                <displayOrder Type="Integer" Value="4"/>
                <spine Type="Spine">
                    <s0 Type="Map">
                        <fromPage Type="Integer" Value="40"/>
                        <toPage Type="Integer" Value="40"/>
                        <spineWidth Type="Float" Value="27.0"/>
                    </s0>
                    <s1 Type="Map">
                        <fromPage Type="Integer" Value="41"/>
                        <toPage Type="Integer" Value="80"/>
                        <spineWidth Type="Float" Value="54.0"/>
                    </s1>
                    <s2 Type="Map">
                        <fromPage Type="Integer" Value="81"/>
                        <toPage Type="Integer" Value="120"/>
                        <spineWidth Type="Float" Value="81.0"/>
                    </s2>
                    <s3 Type="Map">
                        <fromPage Type="Integer" Value="121"/>
                        <toPage Type="Integer" Value="160"/>
                        <spineWidth Type="Float" Value="108.0"/>
                    </s3>
                    <s4 Type="Map">
                        <fromPage Type="Integer" Value="161"/>
                        <toPage Type="Integer" Value="200"/>
                        <spineWidth Type="Float" Value="135.0"/>
                    </s4>
                    <s5 Type="Map">
                        <fromPage Type="Integer" Value="201"/>
                        <toPage Type="Integer" Value="240"/>
                        <spineWidth Type="Float" Value="162.0"/>
                    </s5>
                    <s6 Type="Map">
                        <fromPage Type="Integer" Value="241"/>
                        <toPage Type="Integer" Value="300"/>
                        <spineWidth Type="Float" Value="189.0"/>
                    </s6>
                </spine>
                <nlsSupported Type="Boolean" Value="true"/>
                <shortDescription Type="String" Value="PID_599_Short"/>
                <thumbnailName Type="String" Value="custom_l_tn.jpg"/>
                <displayedWidth Type="Float" Value="15.0"/>
                <displayedHeight Type="Float" Value="11.0"/>
            </e5>
            <e6 Type="BookType">
                <orientation Type="Integer" Value="1"/>
                <coverType Type="Integer" Value="0"/>
                <material Type="Integer" Value="1"/>
                <type Type="Integer" Value="0"/>
                <pid Type="Integer" Value="170"/>
                <pdescription Type="String" Value="Portrait 8.5x11 Custom Hard Cover"/>
                <minPages Type="Integer" Value="40"/>
                <maxPages Type="Integer" Value="300"/>
                <numOfPages Type="Integer" Value="40"/>
                <pageIncrement Type="Integer" Value="2"/>
                <includeCoverWithBlock Type="Boolean" Value="false"/>
                <height Type="Float" Value="10.5"/>
                <width Type="Float" Value="8.0"/>
                <units Type="Integer" Value="0"/>
                <displayOrder Type="Integer" Value="9"/>
                <spine Type="Spine">
                    <s0 Type="Map">
                        <fromPage Type="Integer" Value="40"/>
                        <toPage Type="Integer" Value="40"/>
                        <spineWidth Type="Float" Value="27.0"/>
                    </s0>
                    <s1 Type="Map">
                        <fromPage Type="Integer" Value="41"/>
                        <toPage Type="Integer" Value="80"/>
                        <spineWidth Type="Float" Value="54.0"/>
                    </s1>
                    <s2 Type="Map">
                        <fromPage Type="Integer" Value="81"/>
                        <toPage Type="Integer" Value="120"/>
                        <spineWidth Type="Float" Value="81.0"/>
                    </s2>
                    <s3 Type="Map">
                        <fromPage Type="Integer" Value="121"/>
                        <toPage Type="Integer" Value="160"/>
                        <spineWidth Type="Float" Value="108.0"/>
                    </s3>
                    <s4 Type="Map">
                        <fromPage Type="Integer" Value="161"/>
                        <toPage Type="Integer" Value="200"/>
                        <spineWidth Type="Float" Value="135.0"/>
                    </s4>
                    <s5 Type="Map">
                        <fromPage Type="Integer" Value="201"/>
                        <toPage Type="Integer" Value="240"/>
                        <spineWidth Type="Float" Value="162.0"/>
                    </s5>
                    <s6 Type="Map">
                        <fromPage Type="Integer" Value="241"/>
                        <toPage Type="Integer" Value="300"/>
                        <spineWidth Type="Float" Value="189.0"/>
                    </s6>
                </spine>
                <nlsSupported Type="Boolean" Value="true"/>
                <shortDescription Type="String" Value="PID_170_Short"/>
                <thumbnailName Type="String" Value="custom_p_tn.jpg"/>
                <displayedWidth Type="Float" Value="8.5"/>
                <displayedHeight Type="Float" Value="11.0"/>
            </e6>
            <e7 Type="BookType">
                <orientation Type="Integer" Value="1"/>
                <type Type="Integer" Value="1"/>
                <pid Type="Integer" Value="117"/>
                <pdescription Type="String" Value="Portrait 8.5x11 Keyhole Hard Cover"/>
                <minPages Type="Integer" Value="40"/>
                <maxPages Type="Integer" Value="300"/>
                <numOfPages Type="Integer" Value="40"/>
                <pageIncrement Type="Integer" Value="2"/>
                <includeCoverWithBlock Type="Boolean" Value="false"/>
                <height Type="Float" Value="10.5"/>
                <width Type="Float" Value="8.0"/>
                <units Type="Integer" Value="0"/>
                <displayOrder Type="Integer" Value="7"/>
                <nlsSupported Type="Boolean" Value="true"/>
                <shortDescription Type="String" Value="PID_117_Short"/>
                <thumbnailName Type="String" Value="keyhole_p_tn.jpg"/>
                <coverType Type="CoverType">
                    <frontCoverTemplateRef Type="String" Value="8.5x11_p_fc.xml"/>
                    <backCoverTemplateRef Type="String" Value="8.5x11_p_bc.xml"/>
                    <hasCaption Type="Boolean" Value="false"/>
                    <type Type="Integer" Value="0"/>
                    <material Type="Integer" Value="7"/>
                </coverType>
                <displayedWidth Type="Float" Value="8.5"/>
                <displayedHeight Type="Float" Value="11.0"/>
            </e7>
            <e8 Type="BookType">
                <orientation Type="Integer" Value="3"/>
                <coverType Type="Integer" Value="0"/>
                <material Type="Integer" Value="1"/>
                <type Type="Integer" Value="1"/>
                <pid Type="Integer" Value="107"/>
                <pdescription Type="String" Value="Square 12x12 Custom Hard Cover"/>
                <minPages Type="Integer" Value="40"/>
                <maxPages Type="Integer" Value="300"/>
                <numOfPages Type="Integer" Value="40"/>
                <pageIncrement Type="Integer" Value="2"/>
                <includeCoverWithBlock Type="Boolean" Value="false"/>
                <height Type="Float" Value="10.5"/>
                <width Type="Float" Value="10.5"/>
                <units Type="Integer" Value="0"/>
                <displayOrder Type="Integer" Value="5"/>
                <spine Type="Spine">
                    <s0 Type="Map">
                        <fromPage Type="Integer" Value="40"/>
                        <toPage Type="Integer" Value="40"/>
                        <spineWidth Type="Float" Value="27.0"/>
                    </s0>
                    <s1 Type="Map">
                        <fromPage Type="Integer" Value="41"/>
                        <toPage Type="Integer" Value="80"/>
                        <spineWidth Type="Float" Value="54.0"/>
                    </s1>
                    <s2 Type="Map">
                        <fromPage Type="Integer" Value="81"/>
                        <toPage Type="Integer" Value="120"/>
                        <spineWidth Type="Float" Value="81.0"/>
                    </s2>
                    <s3 Type="Map">
                        <fromPage Type="Integer" Value="121"/>
                        <toPage Type="Integer" Value="160"/>
                        <spineWidth Type="Float" Value="108.0"/>
                    </s3>
                    <s4 Type="Map">
                        <fromPage Type="Integer" Value="161"/>
                        <toPage Type="Integer" Value="200"/>
                        <spineWidth Type="Float" Value="135.0"/>
                    </s4>
                    <s5 Type="Map">
                        <fromPage Type="Integer" Value="201"/>
                        <toPage Type="Integer" Value="240"/>
                        <spineWidth Type="Float" Value="162.0"/>
                    </s5>
                    <s6 Type="Map">
                        <fromPage Type="Integer" Value="241"/>
                        <toPage Type="Integer" Value="300"/>
                        <spineWidth Type="Float" Value="189.0"/>
                    </s6>
                </spine>
                <nlsSupported Type="Boolean" Value="true"/>
                <shortDescription Type="String" Value="PID_107_Short"/>
                <thumbnailName Type="String" Value="custom_s_tn.jpg"/>
                <displayedWidth Type="Float" Value="12.0"/>
                <displayedHeight Type="Float" Value="12.0"/>
            </e8>
            <e9 Type="BookType">
                <orientation Type="Integer" Value="2"/>
                <coverType Type="Integer" Value="0"/>
                <material Type="Integer" Value="1"/>
                <pid Type="Integer" Value="171"/>
                <type Type="Integer" Value="0"/>
                <pdescription Type="String" Value="Landscape 8.5x11 Custom Hard Cover"/>
                <minPages Type="Integer" Value="40"/>
                <maxPages Type="Integer" Value="300"/>
                <numOfPages Type="Integer" Value="40"/>
                <pageIncrement Type="Integer" Value="2"/>
                <includeCoverWithBlock Type="Boolean" Value="false"/>
                <height Type="Float" Value="8.0"/>
                <width Type="Float" Value="10.5"/>
                <units Type="Integer" Value="0"/>
                <displayOrder Type="Integer" Value="8"/>
                <spine Type="Spine">
                    <s0 Type="Map">
                        <fromPage Type="Integer" Value="40"/>
                        <toPage Type="Integer" Value="40"/>
                        <spineWidth Type="Float" Value="27.0"/>
                    </s0>
                    <s1 Type="Map">
                        <fromPage Type="Integer" Value="41"/>
                        <toPage Type="Integer" Value="80"/>
                        <spineWidth Type="Float" Value="54.0"/>
                    </s1>
                    <s2 Type="Map">
                        <fromPage Type="Integer" Value="81"/>
                        <toPage Type="Integer" Value="120"/>
                        <spineWidth Type="Float" Value="81.0"/>
                    </s2>
                    <s3 Type="Map">
                        <fromPage Type="Integer" Value="121"/>
                        <toPage Type="Integer" Value="160"/>
                        <spineWidth Type="Float" Value="108.0"/>
                    </s3>
                    <s4 Type="Map">
                        <fromPage Type="Integer" Value="161"/>
                        <toPage Type="Integer" Value="200"/>
                        <spineWidth Type="Float" Value="135.0"/>
                    </s4>
                    <s5 Type="Map">
                        <fromPage Type="Integer" Value="201"/>
                        <toPage Type="Integer" Value="240"/>
                        <spineWidth Type="Float" Value="162.0"/>
                    </s5>
                    <s6 Type="Map">
                        <fromPage Type="Integer" Value="241"/>
                        <toPage Type="Integer" Value="300"/>
                        <spineWidth Type="Float" Value="189.0"/>
                    </s6>
                </spine>
                <nlsSupported Type="Boolean" Value="true"/>
                <shortDescription Type="String" Value="PID_171_Short"/>
                <thumbnailName Type="String" Value="custom_l_tn.jpg"/>
                <displayedWidth Type="Float" Value="11.0"/>
                <displayedHeight Type="Float" Value="8.5"/>
            </e9>
            <e10 Type="BookType">
                <orientation Type="Integer" Value="1"/>
                <material Type="Integer" Value="1"/>
                <type Type="Integer" Value="1"/>
                <pid Type="Integer" Value="282"/>
                <pdescription Type="String" Value="Portrait 11x14 Custom Hard Cover"/>
                <minPages Type="Integer" Value="40"/>
                <maxPages Type="Integer" Value="300"/>
                <numOfPages Type="Integer" Value="40"/>
                <pageIncrement Type="Integer" Value="2"/>
                <includeCoverWithBlock Type="Boolean" Value="false"/>
                <height Type="Float" Value="13.5"/>
                <width Type="Float" Value="10.5"/>
                <units Type="Integer" Value="0"/>
                <displayOrder Type="Integer" Value="2"/>
                <nlsSupported Type="Boolean" Value="true"/>
                <shortDescription Type="String" Value="PID_282_Short"/>
                <thumbnailName Type="String" Value="keyhole_p_tn.jpg"/>
                <coverType Type="CoverType">
                    <frontCoverTemplateRef Type="String" Value="11x14_p_fc.xml"/>
                    <backCoverTemplateRef Type="String" Value="11x14_p_bc.xml"/>
                    <hasCaption Type="Boolean" Value="false"/>
                    <type Type="Integer" Value="0"/>
                    <material Type="Integer" Value="7"/>
                </coverType>
                <displayedWidth Type="Float" Value="11.0"/>
                <displayedHeight Type="Float" Value="14.0"/>
            </e10>
            <e11 Type="BookType">
                <orientation Type="Integer" Value="2"/>
                <type Type="Integer" Value="1"/>
                <pid Type="Integer" Value="118"/>
                <pdescription Type="String" Value="Landscape 8.5x11 Keyhole Hard Cover"/>
                <minPages Type="Integer" Value="40"/>
                <maxPages Type="Integer" Value="300"/>
                <numOfPages Type="Integer" Value="40"/>
                <pageIncrement Type="Integer" Value="2"/>
                <includeCoverWithBlock Type="Boolean" Value="false"/>
                <height Type="Float" Value="8.0"/>
                <width Type="Float" Value="10.5"/>
                <units Type="Integer" Value="0"/>
                <displayOrder Type="Integer" Value="6"/>
                <nlsSupported Type="Boolean" Value="true"/>
                <shortDescription Type="String" Value="PID_118_Short"/>
                <thumbnailName Type="String" Value="keyhole_l_tn.jpg"/>
                <coverType Type="CoverType">
                    <frontCoverTemplateRef Type="String" Value="8.5x11_l_fc.xml"/>
                    <backCoverTemplateRef Type="String" Value="8.5x11_l_bc.xml"/>
                    <hasCaption Type="Boolean" Value="false"/>
                    <type Type="Integer" Value="0"/>
                    <material Type="Integer" Value="7"/>
                </coverType>
                <displayedWidth Type="Float" Value="11.0"/>
                <displayedHeight Type="Float" Value="8.5"/>
            </e11>
            <e12 Type="BookType">
                <orientation Type="Integer" Value="2"/>
                <pid Type="Integer" Value="1218"/>
                <type Type="Integer" Value="1"/>
                <pdescription Type="String" Value="Landscape 11x15 Keyhole Cover"/>
                <minPages Type="Integer" Value="40"/>
                <maxPages Type="Integer" Value="300"/>
                <numOfPages Type="Integer" Value="40"/>
                <pageIncrement Type="Integer" Value="2"/>
                <includeCoverWithBlock Type="Boolean" Value="false"/>
                <units Type="Integer" Value="0"/>
                <displayOrder Type="Integer" Value="1"/>
                <nlsSupported Type="Boolean" Value="true"/>
                <shortDescription Type="String" Value="PID_1218_Short"/>
                <thumbnailName Type="String" Value="keyhole_l_tn.jpg"/>
                <coverType Type="CoverType">
                    <frontCoverTemplateRef Type="String" Value="11x15_l_fc.xml"/>
                    <backCoverTemplateRef Type="String" Value="11x15_l_bc.xml"/>
                    <hasCaption Type="Boolean" Value="false"/>
                    <type Type="Integer" Value="0"/>
                    <material Type="Integer" Value="7"/>
                </coverType>
                <width Type="Float" Value="14.75"/>
                <height Type="Float" Value="10.75"/>
                <displayedWidth Type="Float" Value="15.0"/>
                <displayedHeight Type="Float" Value="11.0"/>
            </e12>
            <e13 Type="BookType">
                <orientation Type="Integer" Value="3"/>
                <coverType Type="Integer" Value="0"/>
                <material Type="Integer" Value="1"/>
                <type Type="Integer" Value="1"/>
                <pid Type="Integer" Value="148"/>
                <pdescription Type="String" Value="Square 8x8 Custom Hard Cover"/>
                <minPages Type="Integer" Value="40"/>
                <maxPages Type="Integer" Value="300"/>
                <numOfPages Type="Integer" Value="40"/>
                <pageIncrement Type="Integer" Value="2"/>
                <includeCoverWithBlock Type="Boolean" Value="false"/>
                <height Type="Float" Value="7.75"/>
                <width Type="Float" Value="7.75"/>
                <units Type="Integer" Value="0"/>
                <displayOrder Type="Integer" Value="11"/>
                <spine Type="Spine">
                    <s0 Type="Map">
                        <fromPage Type="Integer" Value="40"/>
                        <toPage Type="Integer" Value="40"/>
                        <spineWidth Type="Float" Value="27.0"/>
                    </s0>
                    <s1 Type="Map">
                        <fromPage Type="Integer" Value="41"/>
                        <toPage Type="Integer" Value="80"/>
                        <spineWidth Type="Float" Value="54.0"/>
                    </s1>
                    <s2 Type="Map">
                        <fromPage Type="Integer" Value="81"/>
                        <toPage Type="Integer" Value="120"/>
                        <spineWidth Type="Float" Value="81.0"/>
                    </s2>
                    <s3 Type="Map">
                        <fromPage Type="Integer" Value="121"/>
                        <toPage Type="Integer" Value="160"/>
                        <spineWidth Type="Float" Value="108.0"/>
                    </s3>
                    <s4 Type="Map">
                        <fromPage Type="Integer" Value="161"/>
                        <toPage Type="Integer" Value="200"/>
                        <spineWidth Type="Float" Value="135.0"/>
                    </s4>
                    <s5 Type="Map">
                        <fromPage Type="Integer" Value="201"/>
                        <toPage Type="Integer" Value="240"/>
                        <spineWidth Type="Float" Value="162.0"/>
                    </s5>
                    <s6 Type="Map">
                        <fromPage Type="Integer" Value="241"/>
                        <toPage Type="Integer" Value="300"/>
                        <spineWidth Type="Float" Value="189.0"/>
                    </s6>
                </spine>
                <nlsSupported Type="Boolean" Value="true"/>
                <shortDescription Type="String" Value="PID_148_Short"/>
                <thumbnailName Type="String" Value="custom_s_tn.jpg"/>
                <displayedWidth Type="Float" Value="8.0"/>
                <displayedHeight Type="Float" Value="8.0"/>
            </e13>
        </BookTypes>
    </Preferences>
