    <Preferences use_content_not_value="false">
        <BookTypes Type="Map">
            <e0 Type="BookType">
                <orientation Type="Integer" Value="1"/>
                <material Type="Integer" Value="1"/>
                <type Type="Integer" Value="1"/>
                <pid Type="Integer" Value="282"/>
                <pdescription Type="String" Value="Portrait 11x14 Custom Hard Cover"/>
                <minPages Type="Integer" Value="40"/>
                <maxPages Type="Integer" Value="300"/>
                <numOfPages Type="Integer" Value="40"/>
                <pageIncrement Type="Integer" Value="2"/>
                <includeCoverWithBlock Type="Boolean" Value="false"/>
                <height Type="Float" Value="13.75"/>
                <width Type="Float" Value="10.75"/>
                <units Type="Integer" Value="0"/>
                <displayOrder Type="Integer" Value="10"/>
                <bookStart Type="Integer" Value="0"/>
                <spine Type="Spine">
                    <isEditable Type="Integer" Value="0"/>
                </spine>
                <nlsSupported Type="Boolean" Value="true"/>
                <shortDescription Type="String" Value="PID_282_Short"/>
                <thumbnailName Type="String" Value="keyhole_p_tn.jpg"/>
                <coverType Type="CoverType">
                    <frontCoverTemplateRef Type="String" Value="11x14_p_fc.xml"/>
                    <backCoverTemplateRef Type="String" Value="11x14_p_bc.xml"/>
                    <hasCaption Type="Boolean" Value="false"/>
                    <type Type="Integer" Value="0"/>
                    <material Type="Integer" Value="7"/>
                </coverType>
                <displayedWidth Type="Float" Value="11.0"/>
                <displayedHeight Type="Float" Value="14.0"/>
            </e0>
            <e1 Type="BookType">
                <height Type="Float" Value="11.0"/>
                <width Type="Float" Value="8.5"/>
                <orientation Type="Integer" Value="1"/>
                <coverType Type="Integer" Value="0"/>
                <material Type="Integer" Value="0"/>
                <pid Type="Integer" Value="106"/>
                <type Type="Integer" Value="1"/>
                <pdescription Type="String" Value="Portrait 8.5x11 Custom Soft Cover"/>
                <minPages Type="Integer" Value="40"/>
                <maxPages Type="Integer" Value="200"/>
                <numOfPages Type="Integer" Value="40"/>
                <pageIncrement Type="Integer" Value="2"/>
                <includeCoverWithBlock Type="Boolean" Value="false"/>
                <units Type="Integer" Value="0"/>
                <displayOrder Type="Integer" Value="16"/>
                <bookStart Type="Integer" Value="0"/>
                <spine Type="Spine">
                    <s0 Type="Map">
                        <fromPage Type="Integer" Value="40"/>
                        <toPage Type="Integer" Value="40"/>
                        <spineWidth Type="Float" Value="15.0"/>
                    </s0>
                    <s1 Type="Map">
                        <fromPage Type="Integer" Value="41"/>
                        <toPage Type="Integer" Value="80"/>
                        <spineWidth Type="Float" Value="30.0"/>
                    </s1>
                    <s2 Type="Map">
                        <fromPage Type="Integer" Value="81"/>
                        <toPage Type="Integer" Value="120"/>
                        <spineWidth Type="Float" Value="45.0"/>
                    </s2>
                    <s3 Type="Map">
                        <fromPage Type="Integer" Value="121"/>
                        <toPage Type="Integer" Value="160"/>
                        <spineWidth Type="Float" Value="60.0"/>
                    </s3>
                    <s4 Type="Map">
                        <fromPage Type="Integer" Value="161"/>
                        <toPage Type="Integer" Value="200"/>
                        <spineWidth Type="Float" Value="75.0"/>
                    </s4>
                </spine>
                <nlsSupported Type="Boolean" Value="true"/>
                <shortDescription Type="String" Value="PID_106_Short"/>
                <thumbnailName Type="String" Value="soft_p_tn.jpg"/>
                <sizeCorrection Type="Float" Value="0.25"/>
                <displayedWidth Type="Float" Value="8.25"/>
                <displayedHeight Type="Float" Value="11.25"/>
            </e1>
            <e2 Type="BookType">
                <orientation Type="Integer" Value="3"/>
                <pid Type="Integer" Value="287"/>
                <type Type="Integer" Value="1"/>
                <pdescription Type="String" Value="Square 12x12 Keyhole Hard Cover"/>
                <minPages Type="Integer" Value="40"/>
                <maxPages Type="Integer" Value="300"/>
                <numOfPages Type="Integer" Value="40"/>
                <pageIncrement Type="Integer" Value="2"/>
                <includeCoverWithBlock Type="Boolean" Value="false"/>
                <height Type="Float" Value="10.75"/>
                <width Type="Float" Value="10.75"/>
                <units Type="Integer" Value="0"/>
                <displayOrder Type="Integer" Value="8"/>
                <bookStart Type="Integer" Value="0"/>
                <spine Type="Spine">
                    <isEditable Type="Integer" Value="0"/>
                </spine>
                <nlsSupported Type="Boolean" Value="true"/>
                <shortDescription Type="String" Value="PID_287_Short"/>
                <description Type="String" Value="D_PID_287"/>
                <thumbnailName Type="String" Value="keyhole_s_tn.jpg"/>
                <coverType Type="CoverType">
                    <frontCoverTemplateRef Type="String" Value="12x12_s_fc.xml"/>
                    <backCoverTemplateRef Type="String" Value="12x12_s_bc.xml"/>
                    <hasCaption Type="Boolean" Value="false"/>
                    <type Type="Integer" Value="0"/>
                    <material Type="Integer" Value="7"/>
                </coverType>
                <displayedWidth Type="Float" Value="12.0"/>
                <displayedHeight Type="Float" Value="12.0"/>
            </e2>
            <e3 Type="BookType">
                <orientation Type="Integer" Value="2"/>
                <pid Type="Integer" Value="1218"/>
                <type Type="Integer" Value="1"/>
                <pdescription Type="String" Value="Landscape 11x15 Keyhole Cover"/>
                <minPages Type="Integer" Value="40"/>
                <maxPages Type="Integer" Value="300"/>
                <numOfPages Type="Integer" Value="40"/>
                <pageIncrement Type="Integer" Value="2"/>
                <includeCoverWithBlock Type="Boolean" Value="false"/>
                <height Type="Float" Value="10.75"/>
                <width Type="Float" Value="14.75"/>
                <units Type="Integer" Value="0"/>
                <displayOrder Type="Integer" Value="6"/>
                <bookStart Type="Integer" Value="0"/>
                <spine Type="Spine">
                    <isEditable Type="Integer" Value="0"/>
                </spine>
                <nlsSupported Type="Boolean" Value="true"/>
                <shortDescription Type="String" Value="PID_1218_Short"/>
                <thumbnailName Type="String" Value="keyhole_l_tn.jpg"/>
                <coverType Type="CoverType">
                    <frontCoverTemplateRef Type="String" Value="11x15_l_fc.xml"/>
                    <backCoverTemplateRef Type="String" Value="11x15_l_bc.xml"/>
                    <hasCaption Type="Boolean" Value="false"/>
                    <type Type="Integer" Value="0"/>
                    <material Type="Integer" Value="7"/>
                </coverType>
                <displayedWidth Type="Float" Value="15.0"/>
                <displayedHeight Type="Float" Value="11.0"/>
            </e3>
            <e4 Type="BookType">
                <orientation Type="Integer" Value="2"/>
                <type Type="Integer" Value="1"/>
                <pid Type="Integer" Value="118"/>
                <pdescription Type="String" Value="Landscape 8.5x11 Keyhole Hard Cover"/>
                <minPages Type="Integer" Value="40"/>
                <maxPages Type="Integer" Value="300"/>
                <numOfPages Type="Integer" Value="40"/>
                <pageIncrement Type="Integer" Value="2"/>
                <includeCoverWithBlock Type="Boolean" Value="false"/>
                <height Type="Float" Value="8.25"/>
                <width Type="Float" Value="10.75"/>
                <units Type="Integer" Value="0"/>
                <hinge Type="Float" Value="0.0"/>
                <displayOrder Type="Integer" Value="4"/>
                <bookStart Type="Integer" Value="0"/>
                <spine Type="Spine">
                    <isEditable Type="Integer" Value="0"/>
                </spine>
                <nlsSupported Type="Boolean" Value="true"/>
                <shortDescription Type="String" Value="PID_118_Short"/>
                <thumbnailName Type="String" Value="keyhole_l_tn.jpg"/>
                <coverType Type="CoverType">
                    <frontCoverTemplateRef Type="String" Value="8.5x11_l_fc.xml"/>
                    <backCoverTemplateRef Type="String" Value="8.5x11_l_bc.xml"/>
                    <hasCaption Type="Boolean" Value="false"/>
                    <type Type="Integer" Value="0"/>
                    <material Type="Integer" Value="7"/>
                </coverType>
                <displayedWidth Type="Float" Value="11.0"/>
                <displayedHeight Type="Float" Value="8.5"/>
            </e4>
            <e5 Type="BookType">
                <orientation Type="Integer" Value="3"/>
                <coverType Type="Integer" Value="0"/>
                <material Type="Integer" Value="0"/>
                <pid Type="Integer" Value="75"/>
                <type Type="Integer" Value="1"/>
                <pdescription Type="String" Value="Square 8.5x8.5 Custom Soft Cover"/>
                <minPages Type="Integer" Value="40"/>
                <maxPages Type="Integer" Value="200"/>
                <numOfPages Type="Integer" Value="40"/>
                <pageIncrement Type="Integer" Value="2"/>
                <includeCoverWithBlock Type="Boolean" Value="false"/>
                <height Type="Float" Value="8.25"/>
                <width Type="Float" Value="8.25"/>
                <units Type="Integer" Value="0"/>
                <displayOrder Type="Integer" Value="17"/>
                <bookStart Type="Integer" Value="0"/>
                <spine Type="Spine">
                    <s0 Type="Map">
                        <fromPage Type="Integer" Value="40"/>
                        <toPage Type="Integer" Value="40"/>
                        <spineWidth Type="Float" Value="15.0"/>
                    </s0>
                    <s1 Type="Map">
                        <fromPage Type="Integer" Value="41"/>
                        <toPage Type="Integer" Value="80"/>
                        <spineWidth Type="Float" Value="30.0"/>
                    </s1>
                    <s2 Type="Map">
                        <fromPage Type="Integer" Value="81"/>
                        <toPage Type="Integer" Value="120"/>
                        <spineWidth Type="Float" Value="45.0"/>
                    </s2>
                    <s3 Type="Map">
                        <fromPage Type="Integer" Value="121"/>
                        <toPage Type="Integer" Value="160"/>
                        <spineWidth Type="Float" Value="60.0"/>
                    </s3>
                    <s4 Type="Map">
                        <fromPage Type="Integer" Value="161"/>
                        <toPage Type="Integer" Value="200"/>
                        <spineWidth Type="Float" Value="75.0"/>
                    </s4>
                </spine>
                <nlsSupported Type="Boolean" Value="true"/>
                <shortDescription Type="String" Value="PID_75_Short"/>
                <description Type="String" Value="D_PID_75"/>
                <thumbnailName Type="String" Value="soft_s_tn.jpg"/>
                <displayedWidth Type="Float" Value="8.5"/>
                <displayedHeight Type="Float" Value="8.5"/>
            </e5>
            <e6 Type="BookType">
                <orientation Type="Integer" Value="1"/>
                <type Type="Integer" Value="1"/>
                <pid Type="Integer" Value="117"/>
                <pdescription Type="String" Value="Portrait 8.5x11 Keyhole Hard Cover"/>
                <minPages Type="Integer" Value="40"/>
                <maxPages Type="Integer" Value="300"/>
                <numOfPages Type="Integer" Value="40"/>
                <pageIncrement Type="Integer" Value="2"/>
                <includeCoverWithBlock Type="Boolean" Value="false"/>
                <height Type="Float" Value="10.75"/>
                <width Type="Float" Value="8.25"/>
                <units Type="Integer" Value="0"/>
                <displayOrder Type="Integer" Value="14"/>
                <bookStart Type="Integer" Value="0"/>
                <spine Type="Spine">
                    <isEditable Type="Integer" Value="0"/>
                </spine>
                <nlsSupported Type="Boolean" Value="true"/>
                <shortDescription Type="String" Value="PID_117_Short"/>
                <thumbnailName Type="String" Value="keyhole_p_tn.jpg"/>
                <coverType Type="CoverType">
                    <frontCoverTemplateRef Type="String" Value="8.5x11_p_fc.xml"/>
                    <backCoverTemplateRef Type="String" Value="8.5x11_p_bc.xml"/>
                    <hasCaption Type="Boolean" Value="false"/>
                    <type Type="Integer" Value="0"/>
                    <material Type="Integer" Value="7"/>
                </coverType>
                <displayedWidth Type="Float" Value="8.5"/>
                <displayedHeight Type="Float" Value="11.0"/>
            </e6>
            <e7 Type="BookType">
                <height Type="Float" Value="8.0"/>
                <width Type="Float" Value="8.0"/>
                <orientation Type="Integer" Value="3"/>
                <coverType Type="Integer" Value="0"/>
                <material Type="Integer" Value="1"/>
                <type Type="Integer" Value="1"/>
                <pid Type="Integer" Value="148"/>
                <pdescription Type="String" Value="Square 8x8 Custom Hard Cover"/>
                <minPages Type="Integer" Value="40"/>
                <maxPages Type="Integer" Value="300"/>
                <numOfPages Type="Integer" Value="40"/>
                <pageIncrement Type="Integer" Value="2"/>
                <includeCoverWithBlock Type="Boolean" Value="false"/>
                <units Type="Integer" Value="0"/>
                <hinge Type="Float" Value="0.393"/>
                <displayOrder Type="Integer" Value="13"/>
                <bookStart Type="Integer" Value="0"/>
                <spine Type="Spine">
                    <s0 Type="Map">
                        <fromPage Type="Integer" Value="40"/>
                        <toPage Type="Integer" Value="40"/>
                        <spineWidth Type="Float" Value="27.0"/>
                    </s0>
                    <s1 Type="Map">
                        <fromPage Type="Integer" Value="41"/>
                        <toPage Type="Integer" Value="80"/>
                        <spineWidth Type="Float" Value="54.0"/>
                    </s1>
                    <s2 Type="Map">
                        <fromPage Type="Integer" Value="81"/>
                        <toPage Type="Integer" Value="120"/>
                        <spineWidth Type="Float" Value="81.0"/>
                    </s2>
                    <s3 Type="Map">
                        <fromPage Type="Integer" Value="121"/>
                        <toPage Type="Integer" Value="160"/>
                        <spineWidth Type="Float" Value="108.0"/>
                    </s3>
                    <s4 Type="Map">
                        <fromPage Type="Integer" Value="161"/>
                        <toPage Type="Integer" Value="200"/>
                        <spineWidth Type="Float" Value="135.0"/>
                    </s4>
                    <s5 Type="Map">
                        <fromPage Type="Integer" Value="201"/>
                        <toPage Type="Integer" Value="240"/>
                        <spineWidth Type="Float" Value="162.0"/>
                    </s5>
                    <s6 Type="Map">
                        <fromPage Type="Integer" Value="241"/>
                        <toPage Type="Integer" Value="300"/>
                        <spineWidth Type="Float" Value="189.0"/>
                    </s6>
                </spine>
                <nlsSupported Type="Boolean" Value="true"/>
                <shortDescription Type="String" Value="PID_148_Short"/>
                <description Type="String" Value="D_PID_148"/>
                <thumbnailName Type="String" Value="custom_s_tn.jpg"/>
            </e7>
            <e8 Type="BookType">
                <width Type="Float" Value="9.0"/>
                <height Type="Float" Value="9.0"/>
                <orientation Type="Integer" Value="3"/>
                <material Type="Integer" Value="1"/>
                <type Type="Integer" Value="1"/>
                <pid Type="Integer" Value="3129"/>
                <pdescription Type="String" Value="Photobook - 9x9  (Custom Hard Cover)"/>
                <minPages Type="Integer" Value="40"/>
                <maxPages Type="Integer" Value="300"/>
                <numOfPages Type="Integer" Value="40"/>
                <pageIncrement Type="Integer" Value="2"/>
                <includeCoverWithBlock Type="Boolean" Value="false"/>
                <units Type="Integer" Value="0"/>
                <displayOrder Type="Integer" Value="3"/>
                <bookStart Type="Integer" Value="0"/>
                <nlsSupported Type="Boolean" Value="true"/>
                <shortDescription Type="String" Value="PID_3129_Short"/>
                <thumbnailName Type="String" Value="custom_s_tn.jpg"/>
                <coverType Type="CoverType">
                    <frontCoverTemplateRef Type="String" Value="9x9_s_fc.xml"/>
                    <backCoverTemplateRef Type="String" Value="9x9_s_bc.xml"/>
                    <hasCaption Type="Boolean" Value="false"/>
                    <type Type="Integer" Value="0"/>
                    <material Type="Integer" Value="7"/>
                </coverType>
                <sizeCorrection Type="Float" Value="0.25"/>
            </e8>
            <e9 Type="BookType">
                <width Type="Float" Value="12.0"/>
                <height Type="Float" Value="9.0"/>
                <orientation Type="Integer" Value="2"/>
                <material Type="Integer" Value="1"/>
                <type Type="Integer" Value="1"/>
                <pid Type="Integer" Value="3130"/>
                <pdescription Type="String" Value="Photobook - 9x12 Landscape (Custom Hard Cover)"/>
                <minPages Type="Integer" Value="40"/>
                <maxPages Type="Integer" Value="300"/>
                <numOfPages Type="Integer" Value="40"/>
                <pageIncrement Type="Integer" Value="2"/>
                <includeCoverWithBlock Type="Boolean" Value="false"/>
                <units Type="Integer" Value="0"/>
                <displayOrder Type="Integer" Value="2"/>
                <bookStart Type="Integer" Value="0"/>
                <nlsSupported Type="Boolean" Value="true"/>
                <shortDescription Type="String" Value="PID_3130_Short"/>
                <thumbnailName Type="String" Value="custom_l_tn.jpg"/>
                <coverType Type="CoverType">
                    <frontCoverTemplateRef Type="String" Value="9x12_l_fc.xml"/>
                    <backCoverTemplateRef Type="String" Value="9x12_l_bc.xml"/>
                    <hasCaption Type="Boolean" Value="false"/>
                    <type Type="Integer" Value="0"/>
                    <material Type="Integer" Value="7"/>
                </coverType>
                <sizeCorrection Type="Float" Value="0.25"/>
            </e9>
            <e10 Type="BookType">
                <height Type="Float" Value="6.0"/>
                <orientation Type="Integer" Value="2"/>
                <coverType Type="Integer" Value="0"/>
                <material Type="Integer" Value="0"/>
                <pid Type="Integer" Value="112"/>
                <type Type="Integer" Value="1"/>
                <pdescription Type="String" Value="Landscape 6x8 Custom Soft Cover"/>
                <minPages Type="Integer" Value="40"/>
                <maxPages Type="Integer" Value="200"/>
                <numOfPages Type="Integer" Value="40"/>
                <pageIncrement Type="Integer" Value="2"/>
                <includeCoverWithBlock Type="Boolean" Value="false"/>
                <width Type="Float" Value="8.25"/>
                <units Type="Integer" Value="0"/>
                <displayOrder Type="Integer" Value="18"/>
                <bookStart Type="Integer" Value="0"/>
                <spine Type="Spine">
                    <s0 Type="Map">
                        <fromPage Type="Integer" Value="40"/>
                        <toPage Type="Integer" Value="40"/>
                        <spineWidth Type="Float" Value="15.0"/>
                    </s0>
                    <s1 Type="Map">
                        <fromPage Type="Integer" Value="41"/>
                        <toPage Type="Integer" Value="80"/>
                        <spineWidth Type="Float" Value="30.0"/>
                    </s1>
                    <s2 Type="Map">
                        <fromPage Type="Integer" Value="81"/>
                        <toPage Type="Integer" Value="120"/>
                        <spineWidth Type="Float" Value="45.0"/>
                    </s2>
                    <s3 Type="Map">
                        <fromPage Type="Integer" Value="121"/>
                        <toPage Type="Integer" Value="160"/>
                        <spineWidth Type="Float" Value="60.0"/>
                    </s3>
                    <s4 Type="Map">
                        <fromPage Type="Integer" Value="161"/>
                        <toPage Type="Integer" Value="200"/>
                        <spineWidth Type="Float" Value="75.0"/>
                    </s4>
                </spine>
                <nlsSupported Type="Boolean" Value="true"/>
                <shortDescription Type="String" Value="PID_112_Short"/>
                <description Type="String" Value="D_PID_112"/>
                <thumbnailName Type="String" Value="soft_l_tn.jpg"/>
                <displayedWidth Type="Float" Value="8.5"/>
                <displayedHeight Type="Float" Value="6.25"/>
            </e10>
            <e11 Type="BookType">
                <orientation Type="Integer" Value="2"/>
                <material Type="Integer" Value="1"/>
                <type Type="Integer" Value="1"/>
                <pid Type="Integer" Value="2951"/>
                <pdescription Type="String" Value="Photobook - 8.5x11 Landscape (Keyhole Hard Cover)"/>
                <minPages Type="Integer" Value="40"/>
                <maxPages Type="Integer" Value="300"/>
                <numOfPages Type="Integer" Value="40"/>
                <pageIncrement Type="Integer" Value="2"/>
                <includeCoverWithBlock Type="Boolean" Value="false"/>
                <height Type="Float" Value="8.25"/>
                <width Type="Float" Value="10.75"/>
                <units Type="Integer" Value="0"/>
                <displayOrder Type="Integer" Value="1"/>
                <bookStart Type="Integer" Value="0"/>
                <spine Type="Spine">
                    <isEditable Type="Integer" Value="0"/>
                </spine>
                <nlsSupported Type="Boolean" Value="true"/>
                <shortDescription Type="String" Value="PID_2951_Short"/>
                <thumbnailName Type="String" Value="2951_288.jpg"/>
                <coverType Type="CoverType">
                    <frontCoverTemplateRef Type="String" Value="374_l_fc.xml"/>
                    <backCoverTemplateRef Type="String" Value="8.5x11_l_bc.xml"/>
                    <hasCaption Type="Boolean" Value="false"/>
                    <type Type="Integer" Value="0"/>
                    <material Type="Integer" Value="7"/>
                </coverType>
                <displayedWidth Type="Float" Value="11.0"/>
                <displayedHeight Type="Float" Value="8.5"/>
            </e11>
            <e12 Type="BookType">
                <orientation Type="Integer" Value="2"/>
                <coverType Type="Integer" Value="0"/>
                <material Type="Integer" Value="1"/>
                <pid Type="Integer" Value="111"/>
                <type Type="Integer" Value="1"/>
                <pdescription Type="String" Value="Landscape 6x8 Custom Hard Cover "/>
                <minPages Type="Integer" Value="40"/>
                <maxPages Type="Integer" Value="300"/>
                <numOfPages Type="Integer" Value="40"/>
                <pageIncrement Type="Integer" Value="2"/>
                <includeCoverWithBlock Type="Boolean" Value="false"/>
                <height Type="Float" Value="5.75"/>
                <width Type="Float" Value="7.75"/>
                <units Type="Integer" Value="0"/>
                <hinge Type="Float" Value="0.393"/>
                <displayOrder Type="Integer" Value="12"/>
                <bookStart Type="Integer" Value="0"/>
                <spine Type="Spine">
                    <s0 Type="Map">
                        <fromPage Type="Integer" Value="40"/>
                        <toPage Type="Integer" Value="40"/>
                        <spineWidth Type="Float" Value="27.0"/>
                    </s0>
                    <s1 Type="Map">
                        <fromPage Type="Integer" Value="41"/>
                        <toPage Type="Integer" Value="80"/>
                        <spineWidth Type="Float" Value="54.0"/>
                    </s1>
                    <s2 Type="Map">
                        <fromPage Type="Integer" Value="81"/>
                        <toPage Type="Integer" Value="120"/>
                        <spineWidth Type="Float" Value="81.0"/>
                    </s2>
                    <s3 Type="Map">
                        <fromPage Type="Integer" Value="121"/>
                        <toPage Type="Integer" Value="160"/>
                        <spineWidth Type="Float" Value="108.0"/>
                    </s3>
                    <s4 Type="Map">
                        <fromPage Type="Integer" Value="161"/>
                        <toPage Type="Integer" Value="200"/>
                        <spineWidth Type="Float" Value="135.0"/>
                    </s4>
                    <s5 Type="Map">
                        <fromPage Type="Integer" Value="201"/>
                        <toPage Type="Integer" Value="240"/>
                        <spineWidth Type="Float" Value="162.0"/>
                    </s5>
                    <s6 Type="Map">
                        <fromPage Type="Integer" Value="241"/>
                        <toPage Type="Integer" Value="300"/>
                        <spineWidth Type="Float" Value="189.0"/>
                    </s6>
                </spine>
                <nlsSupported Type="Boolean" Value="true"/>
                <shortDescription Type="String" Value="PID_111_Short"/>
                <thumbnailName Type="String" Value="custom_l_tn.jpg"/>
                <displayedWidth Type="Float" Value="8.0"/>
                <displayedHeight Type="Float" Value="6.0"/>
            </e12>
            <e13 Type="BookType">
                <orientation Type="Integer" Value="1"/>
                <coverType Type="Integer" Value="0"/>
                <material Type="Integer" Value="1"/>
                <type Type="Integer" Value="1"/>
                <pid Type="Integer" Value="170"/>
                <pdescription Type="String" Value="Portrait 8.5x11 Custom Hard Cover"/>
                <minPages Type="Integer" Value="40"/>
                <maxPages Type="Integer" Value="300"/>
                <numOfPages Type="Integer" Value="40"/>
                <pageIncrement Type="Integer" Value="2"/>
                <includeCoverWithBlock Type="Boolean" Value="false"/>
                <height Type="Float" Value="10.75"/>
                <width Type="Float" Value="8.25"/>
                <units Type="Integer" Value="0"/>
                <hinge Type="Float" Value="0.393"/>
                <displayOrder Type="Integer" Value="11"/>
                <bookStart Type="Integer" Value="0"/>
                <spine Type="Spine">
                    <s0 Type="Map">
                        <fromPage Type="Integer" Value="40"/>
                        <toPage Type="Integer" Value="40"/>
                        <spineWidth Type="Float" Value="27.0"/>
                    </s0>
                    <s1 Type="Map">
                        <fromPage Type="Integer" Value="41"/>
                        <toPage Type="Integer" Value="80"/>
                        <spineWidth Type="Float" Value="54.0"/>
                    </s1>
                    <s2 Type="Map">
                        <fromPage Type="Integer" Value="81"/>
                        <toPage Type="Integer" Value="120"/>
                        <spineWidth Type="Float" Value="81.0"/>
                    </s2>
                    <s3 Type="Map">
                        <fromPage Type="Integer" Value="121"/>
                        <toPage Type="Integer" Value="160"/>
                        <spineWidth Type="Float" Value="108.0"/>
                    </s3>
                    <s4 Type="Map">
                        <fromPage Type="Integer" Value="161"/>
                        <toPage Type="Integer" Value="200"/>
                        <spineWidth Type="Float" Value="135.0"/>
                    </s4>
                    <s5 Type="Map">
                        <fromPage Type="Integer" Value="201"/>
                        <toPage Type="Integer" Value="240"/>
                        <spineWidth Type="Float" Value="162.0"/>
                    </s5>
                    <s6 Type="Map">
                        <fromPage Type="Integer" Value="241"/>
                        <toPage Type="Integer" Value="300"/>
                        <spineWidth Type="Float" Value="189.0"/>
                    </s6>
                </spine>
                <nlsSupported Type="Boolean" Value="true"/>
                <shortDescription Type="String" Value="PID_170_Short"/>
                <thumbnailName Type="String" Value="custom_p_tn.jpg"/>
                <displayedWidth Type="Float" Value="8.5"/>
                <displayedHeight Type="Float" Value="11.0"/>
            </e13>
            <e14 Type="BookType">
                <orientation Type="Integer" Value="2"/>
                <coverType Type="Integer" Value="0"/>
                <material Type="Integer" Value="1"/>
                <pid Type="Integer" Value="171"/>
                <type Type="Integer" Value="1"/>
                <pdescription Type="String" Value="Landscape 8.5x11 Custom Hard Cover"/>
                <minPages Type="Integer" Value="40"/>
                <maxPages Type="Integer" Value="300"/>
                <numOfPages Type="Integer" Value="40"/>
                <pageIncrement Type="Integer" Value="2"/>
                <includeCoverWithBlock Type="Boolean" Value="false"/>
                <height Type="Float" Value="8.25"/>
                <width Type="Float" Value="10.75"/>
                <units Type="Integer" Value="0"/>
                <hinge Type="Float" Value="0.393"/>
                <displayOrder Type="Integer" Value="5"/>
                <bookStart Type="Integer" Value="0"/>
                <spine Type="Spine">
                    <s0 Type="Map">
                        <fromPage Type="Integer" Value="40"/>
                        <toPage Type="Integer" Value="40"/>
                        <spineWidth Type="Float" Value="27.0"/>
                    </s0>
                    <s1 Type="Map">
                        <fromPage Type="Integer" Value="41"/>
                        <toPage Type="Integer" Value="80"/>
                        <spineWidth Type="Float" Value="54.0"/>
                    </s1>
                    <s2 Type="Map">
                        <fromPage Type="Integer" Value="81"/>
                        <toPage Type="Integer" Value="120"/>
                        <spineWidth Type="Float" Value="81.0"/>
                    </s2>
                    <s3 Type="Map">
                        <fromPage Type="Integer" Value="121"/>
                        <toPage Type="Integer" Value="160"/>
                        <spineWidth Type="Float" Value="108.0"/>
                    </s3>
                    <s4 Type="Map">
                        <fromPage Type="Integer" Value="161"/>
                        <toPage Type="Integer" Value="200"/>
                        <spineWidth Type="Float" Value="135.0"/>
                    </s4>
                    <s5 Type="Map">
                        <fromPage Type="Integer" Value="201"/>
                        <toPage Type="Integer" Value="240"/>
                        <spineWidth Type="Float" Value="162.0"/>
                    </s5>
                    <s6 Type="Map">
                        <fromPage Type="Integer" Value="241"/>
                        <toPage Type="Integer" Value="300"/>
                        <spineWidth Type="Float" Value="189.0"/>
                    </s6>
                </spine>
                <nlsSupported Type="Boolean" Value="true"/>
                <shortDescription Type="String" Value="PID_171_Short"/>
                <thumbnailName Type="String" Value="custom_l_tn.jpg"/>
                <displayedWidth Type="Float" Value="11.0"/>
                <displayedHeight Type="Float" Value="8.5"/>
            </e14>
            <e15 Type="BookType">
                <orientation Type="Integer" Value="2"/>
                <coverType Type="Integer" Value="1"/>
                <material Type="Integer" Value="1"/>
                <pid Type="Integer" Value="322"/>
                <type Type="Integer" Value="1"/>
                <pdescription Type="String" Value="Landscape 12x16 (A3) Standard Hard Cover"/>
                <minPages Type="Integer" Value="80"/>
                <maxPages Type="Integer" Value="300"/>
                <numOfPages Type="Integer" Value="80"/>
                <pageIncrement Type="Integer" Value="2"/>
                <includeCoverWithBlock Type="Boolean" Value="false"/>
                <height Type="Float" Value="11.75"/>
                <width Type="Float" Value="15.75"/>
                <units Type="Integer" Value="0"/>
                <displayOrder Type="Integer" Value="19"/>
                <bookStart Type="Integer" Value="0"/>
                <nlsSupported Type="Boolean" Value="true"/>
                <shortDescription Type="String" Value="PID_322_Short"/>
                <description Type="String" Value="D_PID_322"/>
                <thumbnailName Type="String" Value="standard_l_tn.jpg"/>
                <displayedWidth Type="Float" Value="16.0"/>
                <displayedHeight Type="Float" Value="12.0"/>
            </e15>
            <e16 Type="BookType">
                <orientation Type="Integer" Value="3"/>
                <coverType Type="Integer" Value="0"/>
                <material Type="Integer" Value="1"/>
                <type Type="Integer" Value="1"/>
                <pid Type="Integer" Value="107"/>
                <pdescription Type="String" Value="Square 12x12 Custom Hard Cover"/>
                <minPages Type="Integer" Value="40"/>
                <maxPages Type="Integer" Value="300"/>
                <numOfPages Type="Integer" Value="40"/>
                <pageIncrement Type="Integer" Value="2"/>
                <includeCoverWithBlock Type="Boolean" Value="false"/>
                <height Type="Float" Value="10.75"/>
                <width Type="Float" Value="10.75"/>
                <units Type="Integer" Value="0"/>
                <hinge Type="Float" Value="0.393"/>
                <displayOrder Type="Integer" Value="9"/>
                <bookStart Type="Integer" Value="0"/>
                <spine Type="Spine">
                    <s0 Type="Map">
                        <fromPage Type="Integer" Value="40"/>
                        <toPage Type="Integer" Value="40"/>
                        <spineWidth Type="Float" Value="27.0"/>
                    </s0>
                    <s1 Type="Map">
                        <fromPage Type="Integer" Value="41"/>
                        <toPage Type="Integer" Value="80"/>
                        <spineWidth Type="Float" Value="54.0"/>
                    </s1>
                    <s2 Type="Map">
                        <fromPage Type="Integer" Value="81"/>
                        <toPage Type="Integer" Value="120"/>
                        <spineWidth Type="Float" Value="81.0"/>
                    </s2>
                    <s3 Type="Map">
                        <fromPage Type="Integer" Value="121"/>
                        <toPage Type="Integer" Value="160"/>
                        <spineWidth Type="Float" Value="108.0"/>
                    </s3>
                    <s4 Type="Map">
                        <fromPage Type="Integer" Value="161"/>
                        <toPage Type="Integer" Value="200"/>
                        <spineWidth Type="Float" Value="135.0"/>
                    </s4>
                    <s5 Type="Map">
                        <fromPage Type="Integer" Value="201"/>
                        <toPage Type="Integer" Value="240"/>
                        <spineWidth Type="Float" Value="162.0"/>
                    </s5>
                    <s6 Type="Map">
                        <fromPage Type="Integer" Value="241"/>
                        <toPage Type="Integer" Value="300"/>
                        <spineWidth Type="Float" Value="189.0"/>
                    </s6>
                </spine>
                <nlsSupported Type="Boolean" Value="true"/>
                <shortDescription Type="String" Value="PID_107_Short"/>
                <description Type="String" Value="D_PID_107"/>
                <thumbnailName Type="String" Value="custom_s_tn.jpg"/>
                <displayedWidth Type="Float" Value="12.0"/>
                <displayedHeight Type="Float" Value="12.0"/>
            </e16>
            <e17 Type="BookType">
                <orientation Type="Integer" Value="2"/>
                <coverType Type="Integer" Value="0"/>
                <material Type="Integer" Value="1"/>
                <pid Type="Integer" Value="599"/>
                <type Type="Integer" Value="1"/>
                <pdescription Type="String" Value="Landscape 11x15 Custom Hard Cover"/>
                <minPages Type="Integer" Value="40"/>
                <maxPages Type="Integer" Value="300"/>
                <numOfPages Type="Integer" Value="40"/>
                <pageIncrement Type="Integer" Value="2"/>
                <includeCoverWithBlock Type="Boolean" Value="false"/>
                <height Type="Float" Value="10.75"/>
                <width Type="Float" Value="14.75"/>
                <units Type="Integer" Value="0"/>
                <hinge Type="Float" Value="0.393"/>
                <displayOrder Type="Integer" Value="7"/>
                <bookStart Type="Integer" Value="0"/>
                <spine Type="Spine">
                    <s0 Type="Map">
                        <fromPage Type="Integer" Value="40"/>
                        <toPage Type="Integer" Value="40"/>
                        <spineWidth Type="Float" Value="27.0"/>
                    </s0>
                    <s1 Type="Map">
                        <fromPage Type="Integer" Value="41"/>
                        <toPage Type="Integer" Value="80"/>
                        <spineWidth Type="Float" Value="54.0"/>
                    </s1>
                    <s2 Type="Map">
                        <fromPage Type="Integer" Value="81"/>
                        <toPage Type="Integer" Value="120"/>
                        <spineWidth Type="Float" Value="81.0"/>
                    </s2>
                    <s3 Type="Map">
                        <fromPage Type="Integer" Value="121"/>
                        <toPage Type="Integer" Value="160"/>
                        <spineWidth Type="Float" Value="108.0"/>
                    </s3>
                    <s4 Type="Map">
                        <fromPage Type="Integer" Value="161"/>
                        <toPage Type="Integer" Value="200"/>
                        <spineWidth Type="Float" Value="135.0"/>
                    </s4>
                    <s5 Type="Map">
                        <fromPage Type="Integer" Value="201"/>
                        <toPage Type="Integer" Value="240"/>
                        <spineWidth Type="Float" Value="162.0"/>
                    </s5>
                    <s6 Type="Map">
                        <fromPage Type="Integer" Value="241"/>
                        <toPage Type="Integer" Value="300"/>
                        <spineWidth Type="Float" Value="189.0"/>
                    </s6>
                </spine>
                <nlsSupported Type="Boolean" Value="true"/>
                <shortDescription Type="String" Value="PID_599_Short"/>
                <thumbnailName Type="String" Value="custom_l_tn.jpg"/>
                <displayedWidth Type="Float" Value="15.0"/>
                <displayedHeight Type="Float" Value="11.0"/>
            </e17>
            <e18 Type="BookType">
                <height Type="Float" Value="6.0"/>
                <width Type="Float" Value="6.0"/>
                <orientation Type="Integer" Value="3"/>
                <coverType Type="Integer" Value="0"/>
                <material Type="Integer" Value="0"/>
                <pid Type="Integer" Value="343"/>
                <type Type="Integer" Value="1"/>
                <pdescription Type="String" Value="Square 6x6 Custom Soft Cover"/>
                <minPages Type="Integer" Value="40"/>
                <maxPages Type="Integer" Value="200"/>
                <numOfPages Type="Integer" Value="40"/>
                <pageIncrement Type="Integer" Value="2"/>
                <includeCoverWithBlock Type="Boolean" Value="false"/>
                <units Type="Integer" Value="0"/>
                <displayOrder Type="Integer" Value="15"/>
                <spine Type="Spine">
                    <s1 Type="Map">
                        <fromPage Type="Integer" Value="40"/>
                        <toPage Type="Integer" Value="36"/>
                        <spineWidth Type="Float" Value="15.0"/>
                    </s1>
                    <s2 Type="Map">
                        <fromPage Type="Integer" Value="37"/>
                        <toPage Type="Integer" Value="36"/>
                        <spineWidth Type="Float" Value="15.0"/>
                    </s2>
                    <s3 Type="Map">
                        <fromPage Type="Integer" Value="37"/>
                        <toPage Type="Integer" Value="80"/>
                        <spineWidth Type="Float" Value="30.0"/>
                    </s3>
                    <s4 Type="Map">
                        <fromPage Type="Integer" Value="81"/>
                        <toPage Type="Integer" Value="120"/>
                        <spineWidth Type="Float" Value="45.0"/>
                    </s4>
                    <s5 Type="Map">
                        <fromPage Type="Integer" Value="121"/>
                        <toPage Type="Integer" Value="160"/>
                        <spineWidth Type="Float" Value="60.0"/>
                    </s5>
                    <s6 Type="Map">
                        <fromPage Type="Integer" Value="161"/>
                        <toPage Type="Integer" Value="200"/>
                        <spineWidth Type="Float" Value="75.0"/>
                    </s6>
                </spine>
                <nlsSupported Type="Boolean" Value="true"/>
                <shortDescription Type="String" Value="PID_343_Short"/>
                <description Type="String" Value="D_PID_343"/>
                <thumbnailName Type="String" Value="soft_s_tn.jpg"/>
            </e18>
            <e19 Type="BookType">
                <orientation Type="Integer" Value="3"/>
                <coverType Type="Integer" Value="1"/>
                <material Type="Integer" Value="1"/>
                <pid Type="Integer" Value="85"/>
                <type Type="Integer" Value="1"/>
                <pdescription Type="String" Value="square 12x12 Standard Hard Cover"/>
                <minPages Type="Integer" Value="80"/>
                <maxPages Type="Integer" Value="300"/>
                <numOfPages Type="Integer" Value="80"/>
                <pageIncrement Type="Integer" Value="2"/>
                <includeCoverWithBlock Type="Boolean" Value="false"/>
                <height Type="Float" Value="11.75"/>
                <width Type="Float" Value="11.75"/>
                <units Type="Integer" Value="0"/>
                <displayOrder Type="Integer" Value="20"/>
                <bookStart Type="Integer" Value="0"/>
                <nlsSupported Type="Boolean" Value="true"/>
                <shortDescription Type="String" Value="PID_85_Short"/>
                <description Type="String" Value="D_PID_85"/>
                <thumbnailName Type="String" Value="standard_s_tn.jpg"/>
                <displayedWidth Type="Float" Value="12.0"/>
                <displayedHeight Type="Float" Value="12.0"/>
            </e19>
        </BookTypes>
    </Preferences>
