    <Preferences use_content_not_value="false">
        <ProductFamilies Type="Vector" Size="1">
            <e0 Type="ProductFamily">
                <type Type="Integer" Value="0"/>
                <name Type="String" Value="PRINT"/>
                <description Type="String" Value="PRINT-OUTPUT"/>
                <bookTypeRefs Type="Vector" Size="20">
                    <e0 Type="String" Value="2951"/>
                    <e1 Type="String" Value="3130"/>
                    <e2 Type="String" Value="3129"/>
                    <e3 Type="String" Value="118"/>
                    <e4 Type="String" Value="171"/>
                    <e5 Type="String" Value="1218"/>
                    <e6 Type="String" Value="599"/>
                    <e7 Type="String" Value="287"/>
                    <e8 Type="String" Value="107"/>
                    <e9 Type="String" Value="282"/>
                    <e10 Type="String" Value="170"/>
                    <e11 Type="String" Value="111"/>
                    <e12 Type="String" Value="148"/>
                    <e13 Type="String" Value="117"/>
                    <e14 Type="String" Value="343"/>
                    <e15 Type="String" Value="106"/>
                    <e16 Type="String" Value="75"/>
                    <e17 Type="String" Value="112"/>
                    <e18 Type="String" Value="322"/>
                    <e19 Type="String" Value="85"/>
                </bookTypeRefs>
                <nlsSupported Type="Boolean" Value="true"/>
            </e0>
        </ProductFamilies>
    </Preferences>
