<Preferences>
<langs Type="Map">
	<English Type="Map">
		<days Type="Map">
			<Sunday Type="String" Value="Sunday"/>
			<Monday Type="String" Value="Monday"/>
			<Tuesady Type="String" Value="Tuesady"/>
			<Wednesday Type="String" Value="Wednesday"/>
			<Thursday Type="String" Value="Thursday"/>
			<Friday Type="String" Value="Friday"/>
			<Saturday Type="String" Value="Saturday"/>
		</days>
		<month Type="Map">
			<January Type="String" Value="January"/>
			<February Type="String" Value="February"/>
			<March Type="String" Value="March"/>
			<April Type="String" Value="April"/>
			<May Type="String" Value="May"/>
			<June Type="String" Value="June"/>
			<July Type="String" Value="July"/>
			<July Type="String" Value="July"/>
			<August Type="String" Value="August"/>
			<September Type="String" Value="September"/>
			<October Type="String" Value="October"/>
			<November Type="String" Value="November"/>
			<December Type="String" Value="December"/>
		</month>
	</English>

	<French Type="Map">
		<days Type="Map">
			<Sunday Type="String" Value="Sunday"/>
			<Monday Type="String" Value="Monday"/>
			<Tuesady Type="String" Value="Tuesady"/>
			<Wednesday Type="String" Value="Wednesday"/>
			<Thursday Type="String" Value="Thursday"/>
			<Friday Type="String" Value="Friday"/>
			<Saturday Type="String" Value="Saturday"/>
		</days>
		<month Type="Map">
			<January Type="String" Value="January"/>
			<February Type="String" Value="February"/>
			<March Type="String" Value="March"/>
			<April Type="String" Value="April"/>
			<May Type="String" Value="May"/>
			<June Type="String" Value="June"/>
			<July Type="String" Value="July"/>
			<July Type="String" Value="July"/>
			<August Type="String" Value="August"/>
			<September Type="String" Value="September"/>
			<October Type="String" Value="October"/>
			<November Type="String" Value="November"/>
			<December Type="String" Value="December"/>
		</month>
	</French>

	<Spanish Type="Map">
		<days Type="Map">
			<Sunday Type="String" Value="Sunday"/>
			<Monday Type="String" Value="Monday"/>
			<Tuesady Type="String" Value="Tuesady"/>
			<Wednesday Type="String" Value="Wednesday"/>
			<Thursday Type="String" Value="Thursday"/>
			<Friday Type="String" Value="Friday"/>
			<Saturday Type="String" Value="Saturday"/>
		</days>
		<month Type="Map">
			<January Type="String" Value="January"/>
			<February Type="String" Value="February"/>
			<March Type="String" Value="March"/>
			<April Type="String" Value="April"/>
			<May Type="String" Value="May"/>
			<June Type="String" Value="June"/>
			<July Type="String" Value="July"/>
			<July Type="String" Value="July"/>
			<August Type="String" Value="August"/>
			<September Type="String" Value="September"/>
			<October Type="String" Value="October"/>
			<November Type="String" Value="November"/>
			<December Type="String" Value="December"/>
		</month>
	</Spanish>

	<Italian Type="Map">
		<days Type="Map">
			<Sunday Type="String" Value="Sunday"/>
			<Monday Type="String" Value="Monday"/>
			<Tuesady Type="String" Value="Tuesady"/>
			<Wednesday Type="String" Value="Wednesday"/>
			<Thursday Type="String" Value="Thursday"/>
			<Friday Type="String" Value="Friday"/>
			<Saturday Type="String" Value="Saturday"/>
		</days>
		<month Type="Map">
			<January Type="String" Value="January"/>
			<February Type="String" Value="February"/>
			<March Type="String" Value="March"/>
			<April Type="String" Value="April"/>
			<May Type="String" Value="May"/>
			<June Type="String" Value="June"/>
			<July Type="String" Value="July"/>
			<July Type="String" Value="July"/>
			<August Type="String" Value="August"/>
			<September Type="String" Value="September"/>
			<October Type="String" Value="October"/>
			<November Type="String" Value="November"/>
			<December Type="String" Value="December"/>
		</month>
	</Italian>

	<German Type="Map">
		<days Type="Map">
			<Sunday Type="String" Value="Sunday"/>
			<Monday Type="String" Value="Monday"/>
			<Tuesady Type="String" Value="Tuesady"/>
			<Wednesday Type="String" Value="Wednesday"/>
			<Thursday Type="String" Value="Thursday"/>
			<Friday Type="String" Value="Friday"/>
			<Saturday Type="String" Value="Saturday"/>
		</days>
		<month Type="Map">
			<January Type="String" Value="January"/>
			<February Type="String" Value="February"/>
			<March Type="String" Value="March"/>
			<April Type="String" Value="April"/>
			<May Type="String" Value="May"/>
			<June Type="String" Value="June"/>
			<July Type="String" Value="July"/>
			<July Type="String" Value="July"/>
			<August Type="String" Value="August"/>
			<September Type="String" Value="September"/>
			<October Type="String" Value="October"/>
			<November Type="String" Value="November"/>
			<December Type="String" Value="December"/>
		</month>
	</German>

	<Portugues Type="Map">
		<days Type="Map">
			<Sunday Type="String" Value="Sunday"/>
			<Monday Type="String" Value="Monday"/>
			<Tuesady Type="String" Value="Tuesady"/>
			<Wednesday Type="String" Value="Wednesday"/>
			<Thursday Type="String" Value="Thursday"/>
			<Friday Type="String" Value="Friday"/>
			<Saturday Type="String" Value="Saturday"/>
		</days>
		<month Type="Map">
			<January Type="String" Value="January"/>
			<February Type="String" Value="February"/>
			<March Type="String" Value="March"/>
			<April Type="String" Value="April"/>
			<May Type="String" Value="May"/>
			<June Type="String" Value="June"/>
			<July Type="String" Value="July"/>
			<July Type="String" Value="July"/>
			<August Type="String" Value="August"/>
			<September Type="String" Value="September"/>
			<October Type="String" Value="October"/>
			<November Type="String" Value="November"/>
			<December Type="String" Value="December"/>
		</month>
	</Portugues>

	<Dutch Type="Map">
		<days Type="Map">
			<Sunday Type="String" Value="Sunday"/>
			<Monday Type="String" Value="Monday"/>
			<Tuesady Type="String" Value="Tuesady"/>
			<Wednesday Type="String" Value="Wednesday"/>
			<Thursday Type="String" Value="Thursday"/>
			<Friday Type="String" Value="Friday"/>
			<Saturday Type="String" Value="Saturday"/>
		</days>
		<month Type="Map">
			<January Type="String" Value="January"/>
			<February Type="String" Value="February"/>
			<March Type="String" Value="March"/>
			<April Type="String" Value="April"/>
			<May Type="String" Value="May"/>
			<June Type="String" Value="June"/>
			<July Type="String" Value="July"/>
			<July Type="String" Value="July"/>
			<August Type="String" Value="August"/>
			<September Type="String" Value="September"/>
			<October Type="String" Value="October"/>
			<November Type="String" Value="November"/>
			<December Type="String" Value="December"/>
		</month>
	</Dutch>

	<Russian Type="Map">
		<days Type="Map">
			<Sunday Type="String" Value="Sunday"/>
			<Monday Type="String" Value="Monday"/>
			<Tuesady Type="String" Value="Tuesady"/>
			<Wednesday Type="String" Value="Wednesday"/>
			<Thursday Type="String" Value="Thursday"/>
			<Friday Type="String" Value="Friday"/>
			<Saturday Type="String" Value="Saturday"/>
		</days>
		<month Type="Map">
			<January Type="String" Value="January"/>
			<February Type="String" Value="February"/>
			<March Type="String" Value="March"/>
			<April Type="String" Value="April"/>
			<May Type="String" Value="May"/>
			<June Type="String" Value="June"/>
			<July Type="String" Value="July"/>
			<July Type="String" Value="July"/>
			<August Type="String" Value="August"/>
			<September Type="String" Value="September"/>
			<October Type="String" Value="October"/>
			<November Type="String" Value="November"/>
			<December Type="String" Value="December"/>
		</month>
	</Russian>

	<Chinese Type="Map">
		<days Type="Map">
			<Sunday Type="String" Value="Sunday"/>
			<Monday Type="String" Value="Monday"/>
			<Tuesady Type="String" Value="Tuesady"/>
			<Wednesday Type="String" Value="Wednesday"/>
			<Thursday Type="String" Value="Thursday"/>
			<Friday Type="String" Value="Friday"/>
			<Saturday Type="String" Value="Saturday"/>
		</days>
		<month Type="Map">
			<January Type="String" Value="January"/>
			<February Type="String" Value="February"/>
			<March Type="String" Value="March"/>
			<April Type="String" Value="April"/>
			<May Type="String" Value="May"/>
			<June Type="String" Value="June"/>
			<July Type="String" Value="July"/>
			<July Type="String" Value="July"/>
			<August Type="String" Value="August"/>
			<September Type="String" Value="September"/>
			<October Type="String" Value="October"/>
			<November Type="String" Value="November"/>
			<December Type="String" Value="December"/>
		</month>
	</Chinese>

	<Japanese Type="Map">
		<days Type="Map">
			<Sunday Type="String" Value="Sunday"/>
			<Monday Type="String" Value="Monday"/>
			<Tuesady Type="String" Value="Tuesady"/>
			<Wednesday Type="String" Value="Wednesday"/>
			<Thursday Type="String" Value="Thursday"/>
			<Friday Type="String" Value="Friday"/>
			<Saturday Type="String" Value="Saturday"/>
		</days>
		<month Type="Map">
			<January Type="String" Value="January"/>
			<February Type="String" Value="February"/>
			<March Type="String" Value="March"/>
			<April Type="String" Value="April"/>
			<May Type="String" Value="May"/>
			<June Type="String" Value="June"/>
			<July Type="String" Value="July"/>
			<July Type="String" Value="July"/>
			<August Type="String" Value="August"/>
			<September Type="String" Value="September"/>
			<October Type="String" Value="October"/>
			<November Type="String" Value="November"/>
			<December Type="String" Value="December"/>
		</month>
	</Japanese>

	<Korean Type="Map">
		<days Type="Map">
			<Sunday Type="String" Value="Sunday"/>
			<Monday Type="String" Value="Monday"/>
			<Tuesady Type="String" Value="Tuesady"/>
			<Wednesday Type="String" Value="Wednesday"/>
			<Thursday Type="String" Value="Thursday"/>
			<Friday Type="String" Value="Friday"/>
			<Saturday Type="String" Value="Saturday"/>
		</days>
		<month Type="Map">
			<January Type="String" Value="January"/>
			<February Type="String" Value="February"/>
			<March Type="String" Value="March"/>
			<April Type="String" Value="April"/>
			<May Type="String" Value="May"/>
			<June Type="String" Value="June"/>
			<July Type="String" Value="July"/>
			<July Type="String" Value="July"/>
			<August Type="String" Value="August"/>
			<September Type="String" Value="September"/>
			<October Type="String" Value="October"/>
			<November Type="String" Value="November"/>
			<December Type="String" Value="December"/>
		</month>
	</Korean>

	<Hebrew Type="Map">
		<days Type="Map">
			<Sunday Type="String" Value="Sunday"/>
			<Monday Type="String" Value="Monday"/>
			<Tuesady Type="String" Value="Tuesady"/>
			<Wednesday Type="String" Value="Wednesday"/>
			<Thursday Type="String" Value="Thursday"/>
			<Friday Type="String" Value="Friday"/>
			<Saturday Type="String" Value="Saturday"/>
		</days>
		<month Type="Map">
			<January Type="String" Value="January"/>
			<February Type="String" Value="February"/>
			<March Type="String" Value="March"/>
			<April Type="String" Value="April"/>
			<May Type="String" Value="May"/>
			<June Type="String" Value="June"/>
			<July Type="String" Value="July"/>
			<July Type="String" Value="July"/>
			<August Type="String" Value="August"/>
			<September Type="String" Value="September"/>
			<October Type="String" Value="October"/>
			<November Type="String" Value="November"/>
			<December Type="String" Value="December"/>
		</month>
	</Hebrew >

</langs>
</Preferences>
