
<layouts use_content_not_value="false">
	<l1 Type="Map">
		<layoutName Type="String" Value=""/>
		<supportedProducts Type="Map">
			<productID1 Type="Integer" Value="53"/>
			<productID2 Type="Integer" Value="56"/>
			<productID3 Type="Integer" Value="57"/>
			<productID4 Type="Integer" Value="54"/>
			<productID5 Type="Integer" Value="255"/>
			<productID6 Type="Integer" Value="256"/>
			<productID7 Type="Integer" Value="257"/>
		</supportedProducts>
		<baseWidth Type="Integer" Value="792"/>
		<baseHeight Type="Integer" Value="612"/>
		<thumbnail Type="String" Value="l1.jpg"/>
		<items Type="Map">
			<e0 Type="Map">
				<itemType Type="Integer" Value="1"/>
				<top Type="Integer" Value="-9"/>
				<left Type="Integer" Value="-9"/>
				<width Type="Integer" Value="810"/>
				<height Type="Integer" Value="621"/>
				<rotation Type="Integer" Value="0"/>
			</e0>
		</items>
	</l1>
	<l1_small Type="Map">
		<layoutName Type="String" Value=""/>
		<supportedProducts Type="Map">
			<productID1 Type="Integer" Value="53"/>
			<productID2 Type="Integer" Value="56"/>
			<productID3 Type="Integer" Value="57"/>
			<productID4 Type="Integer" Value="54"/>
			<productID5 Type="Integer" Value="255"/>
			<productID6 Type="Integer" Value="256"/>
			<productID7 Type="Integer" Value="257"/>
		</supportedProducts>
		<baseWidth Type="Integer" Value="792"/>
		<baseHeight Type="Integer" Value="612"/>
		<thumbnail Type="String" Value="l1_small.jpg"/>
		<items Type="Map">
			<e0 Type="Map">
				<itemType Type="Integer" Value="1"/>
				<top Type="Integer" Value="36"/>
				<left Type="Integer" Value="36"/>
				<width Type="Integer" Value="720"/>
				<height Type="Integer" Value="540"/>
				<rotation Type="Integer" Value="0"/>
			</e0>
		</items>
	</l1_small>
	<l1_tiltedCCW Type="Map">
		<layoutName Type="String" Value=""/>
		<supportedProducts Type="Map">
			<productID1 Type="Integer" Value="53"/>
			<productID2 Type="Integer" Value="56"/>
			<productID3 Type="Integer" Value="57"/>
			<productID4 Type="Integer" Value="54"/>
			<productID5 Type="Integer" Value="255"/>
			<productID6 Type="Integer" Value="256"/>
			<productID7 Type="Integer" Value="257"/>
		</supportedProducts>
		<baseWidth Type="Integer" Value="792"/>
		<baseHeight Type="Integer" Value="612"/>
		<thumbnail Type="String" Value="l1_tiltedCCW.jpg"/>
		<items Type="Map">
			<e0 Type="Map">
				<itemType Type="Integer" Value="1"/>
				<top Type="Integer" Value="72"/>
				<left Type="Integer" Value="72"/>
				<width Type="Integer" Value="648"/>
				<height Type="Integer" Value="468"/>
				<rotation Type="Integer" Value="-10"/>
			</e0>
		</items>
	</l1_tiltedCCW>
	<l1_tiltedCW Type="Map">
		<layoutName Type="String" Value=""/>
		<supportedProducts Type="Map">
			<productID1 Type="Integer" Value="53"/>
			<productID2 Type="Integer" Value="56"/>
			<productID3 Type="Integer" Value="57"/>
			<productID4 Type="Integer" Value="54"/>
			<productID5 Type="Integer" Value="255"/>
			<productID6 Type="Integer" Value="256"/>
			<productID7 Type="Integer" Value="257"/>
		</supportedProducts>
		<baseWidth Type="Integer" Value="792"/>
		<baseHeight Type="Integer" Value="612"/>
		<thumbnail Type="String" Value="l1_tiltedCW.jpg"/>
		<items Type="Map">
			<e0 Type="Map">
				<itemType Type="Integer" Value="1"/>
				<top Type="Integer" Value="72"/>
				<left Type="Integer" Value="72"/>
				<width Type="Integer" Value="648"/>
				<height Type="Integer" Value="468"/>
				<rotation Type="Integer" Value="10"/>
			</e0>
		</items>
	</l1_tiltedCW>
	<l2 Type="Map">
		<layoutName Type="String" Value=""/>
		<supportedProducts Type="Map">
			<productID1 Type="Integer" Value="53"/>
			<productID2 Type="Integer" Value="56"/>
			<productID3 Type="Integer" Value="57"/>
			<productID4 Type="Integer" Value="54"/>
			<productID5 Type="Integer" Value="255"/>
			<productID6 Type="Integer" Value="256"/>
			<productID7 Type="Integer" Value="257"/>
		</supportedProducts>
		<baseWidth Type="Integer" Value="792"/>
		<baseHeight Type="Integer" Value="612"/>
		<thumbnail Type="String" Value="l2.jpg"/>
		<items Type="Map">
			<e0 Type="Map">
				<itemType Type="Integer" Value="1"/>
				<top Type="Integer" Value="36"/>
				<left Type="Integer" Value="36"/>
				<width Type="Integer" Value="342"/>
				<height Type="Integer" Value="540"/>
				<rotation Type="Integer" Value="0"/>
			</e0>
			<e1 Type="Map">
				<itemType Type="Integer" Value="1"/>
				<top Type="Integer" Value="36"/>
				<left Type="Integer" Value="414"/>
				<width Type="Integer" Value="342"/>
				<height Type="Integer" Value="540"/>
				<rotation Type="Integer" Value="0"/>
			</e1>
		</items>
	</l2>
	<l2_cover Type="Map">
		<layoutName Type="String" Value=""/>
		<supportedProducts Type="Map">
			<productID1 Type="Integer" Value="53"/>
			<productID2 Type="Integer" Value="56"/>
			<productID3 Type="Integer" Value="57"/>
			<productID4 Type="Integer" Value="54"/>
			<productID5 Type="Integer" Value="255"/>
			<productID6 Type="Integer" Value="256"/>
			<productID7 Type="Integer" Value="257"/>
		</supportedProducts>
		<baseWidth Type="Integer" Value="792"/>
		<baseHeight Type="Integer" Value="612"/>
		<thumbnail Type="String" Value="l2_cover.jpg"/>
		<items Type="Map">
			<e0 Type="Map">
				<itemType Type="Integer" Value="1"/>
				<top Type="Integer" Value="36"/>
				<left Type="Integer" Value="36"/>
				<width Type="Integer" Value="400"/>
				<height Type="Integer" Value="300"/>
				<rotation Type="Integer" Value="0"/>
			</e0>
			<e1 Type="Map">
				<itemType Type="Integer" Value="1"/>
				<top Type="Integer" Value="276"/>
				<left Type="Integer" Value="356"/>
				<width Type="Integer" Value="400"/>
				<height Type="Integer" Value="300"/>
				<rotation Type="Integer" Value="0"/>
			</e1>
		</items>
	</l2_cover>
	<l2_horizontal Type="Map">
		<layoutName Type="String" Value=""/>
		<supportedProducts Type="Map">
			<productID1 Type="Integer" Value="53"/>
			<productID2 Type="Integer" Value="56"/>
			<productID3 Type="Integer" Value="57"/>
			<productID4 Type="Integer" Value="54"/>
			<productID5 Type="Integer" Value="255"/>
			<productID6 Type="Integer" Value="256"/>
			<productID7 Type="Integer" Value="257"/>
		</supportedProducts>
		<baseWidth Type="Integer" Value="792"/>
		<baseHeight Type="Integer" Value="612"/>
		<thumbnail Type="String" Value="l2_horizontal.jpg"/>
		<items Type="Map">
			<e0 Type="Map">
				<itemType Type="Integer" Value="1"/>
				<top Type="Integer" Value="36"/>
				<left Type="Integer" Value="36"/>
				<width Type="Integer" Value="720"/>
				<height Type="Integer" Value="252"/>
				<rotation Type="Integer" Value="0"/>
			</e0>
			<e1 Type="Map">
				<itemType Type="Integer" Value="1"/>
				<top Type="Integer" Value="324"/>
				<left Type="Integer" Value="36"/>
				<width Type="Integer" Value="720"/>
				<height Type="Integer" Value="252"/>
				<rotation Type="Integer" Value="0"/>
			</e1>
		</items>
	</l2_horizontal>
	<l2_small Type="Map">
		<layoutName Type="String" Value=""/>
		<supportedProducts Type="Map">
			<productID1 Type="Integer" Value="53"/>
			<productID2 Type="Integer" Value="56"/>
			<productID3 Type="Integer" Value="57"/>
			<productID4 Type="Integer" Value="54"/>
			<productID5 Type="Integer" Value="255"/>
			<productID6 Type="Integer" Value="256"/>
			<productID7 Type="Integer" Value="257"/>
		</supportedProducts>
		<baseWidth Type="Integer" Value="792"/>
		<baseHeight Type="Integer" Value="612"/>
		<thumbnail Type="String" Value="l2_small.jpg"/>
		<items Type="Map">
			<e0 Type="Map">
				<itemType Type="Integer" Value="1"/>
				<top Type="Integer" Value="177"/>
				<left Type="Integer" Value="36"/>
				<width Type="Integer" Value="344"/>
				<height Type="Integer" Value="258"/>
				<rotation Type="Integer" Value="0"/>
			</e0>
			<e1 Type="Map">
				<itemType Type="Integer" Value="1"/>
				<top Type="Integer" Value="177"/>
				<left Type="Integer" Value="416"/>
				<width Type="Integer" Value="344"/>
				<height Type="Integer" Value="258"/>
				<rotation Type="Integer" Value="0"/>
			</e1>
		</items>
	</l2_small>
	<l2_tilted Type="Map">
		<layoutName Type="String" Value=""/>
		<supportedProducts Type="Map">
			<productID1 Type="Integer" Value="53"/>
			<productID2 Type="Integer" Value="56"/>
			<productID3 Type="Integer" Value="57"/>
			<productID4 Type="Integer" Value="54"/>
			<productID5 Type="Integer" Value="255"/>
			<productID6 Type="Integer" Value="256"/>
			<productID7 Type="Integer" Value="257"/>
		</supportedProducts>
		<baseWidth Type="Integer" Value="792"/>
		<baseHeight Type="Integer" Value="612"/>
		<thumbnail Type="String" Value="l2_tilted.jpg"/>
		<items Type="Map">
			<e0 Type="Map">
				<itemType Type="Integer" Value="1"/>
				<top Type="Integer" Value="66"/>
				<left Type="Integer" Value="54"/>
				<width Type="Integer" Value="400"/>
				<height Type="Integer" Value="300"/>
				<rotation Type="Integer" Value="-10"/>
			</e0>
			<e1 Type="Map">
				<itemType Type="Integer" Value="1"/>
				<top Type="Integer" Value="240"/>
				<left Type="Integer" Value="334"/>
				<width Type="Integer" Value="400"/>
				<height Type="Integer" Value="300"/>
				<rotation Type="Integer" Value="10"/>
			</e1>
		</items>
	</l2_tilted>
	<l3_horizontal Type="Map">
		<layoutName Type="String" Value=""/>
		<supportedProducts Type="Map">
			<productID1 Type="Integer" Value="53"/>
			<productID2 Type="Integer" Value="56"/>
			<productID3 Type="Integer" Value="57"/>
			<productID4 Type="Integer" Value="54"/>
			<productID5 Type="Integer" Value="255"/>
			<productID6 Type="Integer" Value="256"/>
			<productID7 Type="Integer" Value="257"/>
		</supportedProducts>
		<baseWidth Type="Integer" Value="792"/>
		<baseHeight Type="Integer" Value="612"/>
		<thumbnail Type="String" Value="l3_horizontal.jpg"/>
		<items Type="Map">
			<e0 Type="Map">
				<itemType Type="Integer" Value="1"/>
				<top Type="Integer" Value="36"/>
				<left Type="Integer" Value="172"/>
				<width Type="Integer" Value="448"/>
				<height Type="Integer" Value="336"/>
				<rotation Type="Integer" Value="0"/>
			</e0>
			<e1 Type="Map">
				<itemType Type="Integer" Value="1"/>
				<top Type="Integer" Value="408"/>
				<left Type="Integer" Value="172"/>
				<width Type="Integer" Value="206"/>
				<height Type="Integer" Value="168"/>
				<rotation Type="Integer" Value="0"/>
			</e1>
			<e2 Type="Map">
				<itemType Type="Integer" Value="1"/>
				<top Type="Integer" Value="408"/>
				<left Type="Integer" Value="414"/>
				<width Type="Integer" Value="206"/>
				<height Type="Integer" Value="168"/>
				<rotation Type="Integer" Value="0"/>
			</e2>
		</items>
	</l3_horizontal>
	<l3_vertical Type="Map">
		<layoutName Type="String" Value=""/>
		<supportedProducts Type="Map">
			<productID1 Type="Integer" Value="53"/>
			<productID2 Type="Integer" Value="56"/>
			<productID3 Type="Integer" Value="57"/>
			<productID4 Type="Integer" Value="54"/>
			<productID5 Type="Integer" Value="255"/>
			<productID6 Type="Integer" Value="256"/>
			<productID7 Type="Integer" Value="257"/>
		</supportedProducts>
		<baseWidth Type="Integer" Value="792"/>
		<baseHeight Type="Integer" Value="612"/>
		<thumbnail Type="String" Value="l3_vertical.jpg"/>
		<items Type="Map">
			<e0 Type="Map">
				<itemType Type="Integer" Value="1"/>
				<top Type="Integer" Value="36"/>
				<left Type="Integer" Value="36"/>
				<width Type="Integer" Value="456"/>
				<height Type="Integer" Value="540"/>
				<rotation Type="Integer" Value="0"/>
			</e0>
			<e1 Type="Map">
				<itemType Type="Integer" Value="1"/>
				<top Type="Integer" Value="36"/>
				<left Type="Integer" Value="528"/>
				<width Type="Integer" Value="228"/>
				<height Type="Integer" Value="252"/>
				<rotation Type="Integer" Value="0"/>
			</e1>
			<e2 Type="Map">
				<itemType Type="Integer" Value="1"/>
				<top Type="Integer" Value="324"/>
				<left Type="Integer" Value="528"/>
				<width Type="Integer" Value="228"/>
				<height Type="Integer" Value="252"/>
				<rotation Type="Integer" Value="0"/>
			</e2>
		</items>
	</l3_vertical>
	<l4 Type="Map">
		<layoutName Type="String" Value=""/>
		<supportedProducts Type="Map">
			<productID1 Type="Integer" Value="53"/>
			<productID2 Type="Integer" Value="56"/>
			<productID3 Type="Integer" Value="57"/>
			<productID4 Type="Integer" Value="54"/>
			<productID5 Type="Integer" Value="255"/>
			<productID6 Type="Integer" Value="256"/>
			<productID7 Type="Integer" Value="257"/>
		</supportedProducts>
		<baseWidth Type="Integer" Value="792"/>
		<baseHeight Type="Integer" Value="612"/>
		<thumbnail Type="String" Value="l4.jpg"/>
		<items Type="Map">
			<e0 Type="Map">
				<itemType Type="Integer" Value="1"/>
				<top Type="Integer" Value="36"/>
				<left Type="Integer" Value="36"/>
				<width Type="Integer" Value="342"/>
				<height Type="Integer" Value="252"/>
				<rotation Type="Integer" Value="0"/>
			</e0>
			<e1 Type="Map">
				<itemType Type="Integer" Value="1"/>
				<top Type="Integer" Value="324"/>
				<left Type="Integer" Value="36"/>
				<width Type="Integer" Value="342"/>
				<height Type="Integer" Value="252"/>
				<rotation Type="Integer" Value="0"/>
			</e1>
			<e2 Type="Map">
				<itemType Type="Integer" Value="1"/>
				<top Type="Integer" Value="36"/>
				<left Type="Integer" Value="414"/>
				<width Type="Integer" Value="342"/>
				<height Type="Integer" Value="252"/>
				<rotation Type="Integer" Value="0"/>
			</e2>
			<e3 Type="Map">
				<itemType Type="Integer" Value="1"/>
				<top Type="Integer" Value="324"/>
				<left Type="Integer" Value="414"/>
				<width Type="Integer" Value="342"/>
				<height Type="Integer" Value="252"/>
				<rotation Type="Integer" Value="0"/>
			</e3>

		</items>
	</l4>
	<l4_horizontal Type="Map">
		<layoutName Type="String" Value=""/>
		<supportedProducts Type="Map">
			<productID1 Type="Integer" Value="53"/>
			<productID2 Type="Integer" Value="56"/>
			<productID3 Type="Integer" Value="57"/>
			<productID4 Type="Integer" Value="54"/>
			<productID5 Type="Integer" Value="255"/>
			<productID6 Type="Integer" Value="256"/>
			<productID7 Type="Integer" Value="257"/>
		</supportedProducts>
		<baseWidth Type="Integer" Value="792"/>
		<baseHeight Type="Integer" Value="612"/>
		<thumbnail Type="String" Value="l4_horizontal.jpg"/>
		<items Type="Map">
			<e0 Type="Map">
				<itemType Type="Integer" Value="1"/>
				<top Type="Integer" Value="36"/>
				<left Type="Integer" Value="36"/>
				<width Type="Integer" Value="720"/>
				<height Type="Integer" Value="342"/>
				<rotation Type="Integer" Value="0"/>
			</e0>
			<e1 Type="Map">
				<itemType Type="Integer" Value="1"/>
				<top Type="Integer" Value="414"/>
				<left Type="Integer" Value="36"/>
				<width Type="Integer" Value="216"/>
				<height Type="Integer" Value="162"/>
				<rotation Type="Integer" Value="0"/>
			</e1>
			<e2 Type="Map">
				<itemType Type="Integer" Value="1"/>
				<top Type="Integer" Value="414"/>
				<left Type="Integer" Value="288"/>
				<width Type="Integer" Value="216"/>
				<height Type="Integer" Value="162"/>
				<rotation Type="Integer" Value="0"/>
			</e2>
			<e3 Type="Map">
				<itemType Type="Integer" Value="1"/>
				<top Type="Integer" Value="414"/>
				<left Type="Integer" Value="540"/>
				<width Type="Integer" Value="216"/>
				<height Type="Integer" Value="162"/>
				<rotation Type="Integer" Value="0"/>
			</e3>
		</items>
	</l4_horizontal>
	<l4_sizes Type="Map">
		<layoutName Type="String" Value=""/>
		<supportedProducts Type="Map">
			<productID1 Type="Integer" Value="53"/>
			<productID2 Type="Integer" Value="56"/>
			<productID3 Type="Integer" Value="57"/>
			<productID4 Type="Integer" Value="54"/>
			<productID5 Type="Integer" Value="255"/>
			<productID6 Type="Integer" Value="256"/>
			<productID7 Type="Integer" Value="257"/>
		</supportedProducts>
		<baseWidth Type="Integer" Value="792"/>
		<baseHeight Type="Integer" Value="612"/>
		<thumbnail Type="String" Value="l4_sizes.jpg"/>
		<items Type="Map">
			<e0 Type="Map">
				<itemType Type="Integer" Value="1"/>
				<top Type="Integer" Value="36"/>
				<left Type="Integer" Value="36"/>
				<width Type="Integer" Value="400"/>
				<height Type="Integer" Value="300"/>
				<rotation Type="Integer" Value="0"/>
			</e0>
			<e1 Type="Map">
				<itemType Type="Integer" Value="1"/>
				<top Type="Integer" Value="276"/>
				<left Type="Integer" Value="356"/>
				<width Type="Integer" Value="400"/>
				<height Type="Integer" Value="300"/>
				<rotation Type="Integer" Value="0"/>
			</e1>
			<e2 Type="Map">
				<itemType Type="Integer" Value="1"/>
				<top Type="Integer" Value="36"/>
				<left Type="Integer" Value="454"/>
				<width Type="Integer" Value="302"/>
				<height Type="Integer" Value="221"/>
				<rotation Type="Integer" Value="0"/>
			</e2>
			<e3 Type="Map">
				<itemType Type="Integer" Value="1"/>
				<top Type="Integer" Value="354"/>
				<left Type="Integer" Value="36"/>
				<width Type="Integer" Value="302"/>
				<height Type="Integer" Value="221"/>
				<rotation Type="Integer" Value="0"/>
			</e3>
		</items>
	</l4_sizes>
	<l4_vertical Type="Map">
		<layoutName Type="String" Value=""/>
		<supportedProducts Type="Map">
			<productID1 Type="Integer" Value="53"/>
			<productID2 Type="Integer" Value="56"/>
			<productID3 Type="Integer" Value="57"/>
			<productID4 Type="Integer" Value="54"/>
			<productID5 Type="Integer" Value="255"/>
			<productID6 Type="Integer" Value="256"/>
			<productID7 Type="Integer" Value="257"/>
		</supportedProducts>
		<baseWidth Type="Integer" Value="792"/>
		<baseHeight Type="Integer" Value="612"/>
		<thumbnail Type="String" Value="l4_vertical.jpg"/>
		<items Type="Map">
			<e0 Type="Map">
				<itemType Type="Integer" Value="1"/>
				<top Type="Integer" Value="36"/>
				<left Type="Integer" Value="36"/>
				<width Type="Integer" Value="504"/>
				<height Type="Integer" Value="540"/>
				<rotation Type="Integer" Value="0"/>
			</e0>
			<e1 Type="Map">
				<itemType Type="Integer" Value="1"/>
				<top Type="Integer" Value="36"/>
				<left Type="Integer" Value="576"/>
				<width Type="Integer" Value="180"/>
				<height Type="Integer" Value="156"/>
				<rotation Type="Integer" Value="0"/>
			</e1>
			<e2 Type="Map">
				<itemType Type="Integer" Value="1"/>
				<top Type="Integer" Value="228"/>
				<left Type="Integer" Value="576"/>
				<width Type="Integer" Value="180"/>
				<height Type="Integer" Value="156"/>
				<rotation Type="Integer" Value="0"/>
			</e2>
			<e3 Type="Map">
				<itemType Type="Integer" Value="1"/>
				<top Type="Integer" Value="420"/>
				<left Type="Integer" Value="576"/>
				<width Type="Integer" Value="180"/>
				<height Type="Integer" Value="156"/>
				<rotation Type="Integer" Value="0"/>
			</e3>
		</items>
	</l4_vertical>
</layouts>
