<Preferences>
	<Side1 Type="Map">
		<item2 Type="Map">
			<itemType Type="String" Value="text"/>
			<textColor Type="Color" red="255" green="255" blue="255"/>
			<textFont Type="Font" name="Arial Black" style="1" size="18"/>
			<location Type="Rectangle" x="9" y="2" width="166" height="36" /> 
			<defaultText Type="String" Value="24"/>
			<just Type="Integer" Value="3"/>
			<allowTextChangeOnly Type="Boolean" Value="false"/>
			<maxTextLength Type="Integer" Value="255"/>
		</item2>
		<item3 Type="Map">
			<itemType Type="String" Value="text"/>
			<textColor Type="Color" red="255" green="255" blue="255"/>
			<textFont Type="Font" name="Ariel" style="1" size="14"/>
			<location Type="Rectangle" x="-60" y="108" width="168" height="28" /> 
			<defaultText Type="String" Value="Your Text Here..."/>
			<just Type="Integer" Value="1"/>
			<angle Type="Integer" Value="270"/>
			<allowTextChangeOnly Type="Boolean" Value="false"/>
			<maxTextLength Type="Integer" Value="255"/>
		</item3>
	</Side1>
	<Side2 Type="Map">
		<item2 Type="Map">
			<itemType Type="String" Value="text"/>
			<textColor Type="Color" red="0" green="0" blue="0"/>
			<textFont Type="Font" name="Ariel" style="1" size="8"/>
			<location Type="Rectangle" x="48" y="42" width="116" height="24" /> 
			<defaultText Type="String" Value="Your Text Here..."/>
			<just Type="Integer" Value="1"/>
			<allowTextChangeOnly Type="Boolean" Value="false"/>
			<maxTextLength Type="Integer" Value="255"/>
		</item2>
		<item3 Type="Map">
			<itemType Type="String" Value="text"/>
			<textColor Type="Color" red="0" green="0" blue="0"/>
			<textFont Type="Font" name="Ariel" style="1" size="8"/>
			<location Type="Rectangle" x="48" y="66" width="116" height="24" /> 
			<defaultText Type="String" Value="Your Text Here..."/>
			<just Type="Integer" Value="1"/>
			<allowTextChangeOnly Type="Boolean" Value="false"/>
			<maxTextLength Type="Integer" Value="255"/>
		</item3>
		<item4 Type="Map">
			<itemType Type="String" Value="text"/>
			<textColor Type="Color" red="0" green="0" blue="0"/>
			<textFont Type="Font" name="Ariel" style="1" size="8"/>
			<location Type="Rectangle" x="48" y="90" width="116" height="24" /> 
			<defaultText Type="String" Value="Your Text Here..."/>
			<just Type="Integer" Value="1"/>
			<allowTextChangeOnly Type="Boolean" Value="false"/>
			<maxTextLength Type="Integer" Value="255"/>
		</item4>
		<item5 Type="Map">
			<itemType Type="String" Value="text"/>
			<textColor Type="Color" red="0" green="0" blue="0"/>
			<textFont Type="Font" name="Ariel" style="1" size="8"/>
			<location Type="Rectangle" x="48" y="114" width="116" height="24" /> 
			<defaultText Type="String" Value="Your Text Here..."/>
			<just Type="Integer" Value="1"/>
			<allowTextChangeOnly Type="Boolean" Value="false"/>
			<maxTextLength Type="Integer" Value="255"/>
		</item5>
		<item6 Type="Map">
			<itemType Type="String" Value="text"/>
			<textColor Type="Color" red="0" green="0" blue="0"/>
			<textFont Type="Font" name="Ariel" style="1" size="8"/>
			<location Type="Rectangle" x="48" y="138" width="116" height="24" /> 
			<defaultText Type="String" Value="Your Text Here..."/>
			<just Type="Integer" Value="1"/>
			<allowTextChangeOnly Type="Boolean" Value="false"/>
			<maxTextLength Type="Integer" Value="255"/>
		</item6>
		<item7 Type="Map">
			<itemType Type="String" Value="text"/>
			<textColor Type="Color" red="0" green="0" blue="0"/>
			<textFont Type="Font" name="Ariel" style="1" size="8"/>
			<location Type="Rectangle" x="48" y="162" width="116" height="24" /> 
			<defaultText Type="String" Value="Your Text Here..."/>
			<just Type="Integer" Value="1"/>
			<allowTextChangeOnly Type="Boolean" Value="false"/>
			<maxTextLength Type="Integer" Value="255"/>
		</item7>
		<item8 Type="Map">
			<itemType Type="String" Value="text"/>
			<textColor Type="Color" red="255" green="255" blue="255"/>
			<textFont Type="Font" name="Arial Black" style="1" size="18"/>
			<location Type="Rectangle" x="9" y="2" width="166" height="36" /> 
			<defaultText Type="String" Value="24"/>
			<just Type="Integer" Value="3"/>
			<allowTextChangeOnly Type="Boolean" Value="false"/>
			<maxTextLength Type="Integer" Value="255"/>
		</item8>
		<item9 Type="Map">
			<itemType Type="String" Value="text"/>
			<textColor Type="Color" red="255" green="255" blue="255"/>
			<textFont Type="Font" name="Ariel" style="1" size="14"/>
			<location Type="Rectangle" x="-60" y="108" width="168" height="28" /> 
			<defaultText Type="String" Value="Your Text Here..."/>
			<just Type="Integer" Value="1"/>
			<angle Type="Integer" Value="270"/>
			<allowTextChangeOnly Type="Boolean" Value="false"/>
			<maxTextLength Type="Integer" Value="255"/>
		</item9>


	</Side2>	
</Preferences>
